date,Usage_power_total,product_1,product_2,product_total,Temp.,Humidity
2017-01-01,"6,095.70",0,0,0,1.1,73
2017-01-02,"9,962.15",19399.4,1411,20810.4,2.5,67
2017-01-03,"11,196.00",20456.6,1802,22258.6,4.1,56
2017-01-04,"12,146.23",20003.6,2092,22095.6,4.3,67.58333333
2017-01-05,"12,156.81",20256.1,2026,22282.1,2.3,71.54166667
2017-01-06,"12,567.21",20458.6,2066,22524.6,0.9,75.79166667
2017-01-07,"11,841.19",17333.7,2088,19421.7,1,72.45833333
2017-01-08,"6,546.90",0,0,0,6.7,62.33333333
2017-01-09,"9,958.82",18491.9,1311,19802.9,3.5,51.08333333
2017-01-10,"12,070.07",20206.2,1745,21951.2,-1.6,40.58333333
2017-01-11,"12,078.71",20755.1,1764,22519.1,-3.4,44.70833333
2017-01-12,"12,381.87",21009.5,1918,22927.5,-0.9,46.95833333
2017-01-13,"12,024.22",19412.9,1835,21247.9,-4.2,49.125
2017-01-14,"11,443.10",12643.5,2350,14993.5,-7.7,31.75
2017-01-15,"6,781.83",0,0,0,-5.9,40.33333333
2017-01-16,"10,089.11",19928.2,1484,21412.2,-5.3,55.29166667
2017-01-17,"11,383.14",21477.9,1628,23105.9,-4.4,56.04166667
2017-01-18,"11,031.70",20447.5,1846,22293.5,0.4,60.79166667
2017-01-19,"11,124.90",20612.3,1899,22511.3,-1.1,59.41666667
2017-01-20,"11,368.53",19848.2,2148,21996.2,-3.1,66.95833333
2017-01-21,"10,283.66",13025.8,2266,15291.8,-4.5,62.91666667
2017-01-22,"6,249.72",0,0,0,-6.1,46.08333333
2017-01-23,"9,597.00",17539.4,1961,19500.4,-8,46.83333333
2017-01-24,"11,331.72",19952.9,2101,22053.9,-6,45.20833333
2017-01-25,"11,524.37",20369.6,1874,22243.6,-6.1,44.33333333
2017-01-26,"8,305.55",19944.7,2711,22655.7,-4.6,48.79166667
2017-01-27,,0,0,0,-0.6,42.54166667
2017-01-28,,0,0,0,-1.8,46.70833333
2017-01-29,537.83,0,0,0,1.8,70.29166667
2017-01-30,"9,685.61",14779.2,1472,16251.2,-2.8,67.45833333
2017-01-31,"11,352.30",20055.1,1938,21993.1,-4.9,48.54166667
2017-02-01,"11,311.85",18162.2,1940,20102.2,-2,41.375
2017-02-02,"11,955.66",18855,1681,20536,-2.2,45.70833333
2017-02-03,"11,611.42",21744.3,1884,23628.3,0.6,54.875
2017-02-04,"9,007.21",0,1791,1791,1.7,46.41666667
2017-02-05,"4,412.99",0,0,0,3.4,53.33333333
2017-02-06,"9,159.38",16935.9,1420,18355.9,-0.6,53.125
2017-02-07,"11,424.64",17775.2,1940,19715.2,-2.7,58.29166667
2017-02-08,"10,983.51",18326.2,1934,20260.2,-1,43.33333333
2017-02-09,"11,269.16",18310.7,2099,20409.7,-3.9,44.75
2017-02-10,"11,121.55",19557.8,2198,21755.8,-6,41.91666667
2017-02-11,"6,864.59",0,0,0,-4.8,47.58333333
2017-02-12,"3,350.91",0,0,0,-1.4,47
2017-02-13,"9,072.56",15832.8,1697,17529.8,-0.3,57.08333333
2017-02-14,"11,592.50",17260.9,2105,19365.9,0.6,49.95833333
2017-02-15,"11,602.70",16530.7,2099,18629.7,0.9,46.25
2017-02-16,"11,686.49",17564.5,1918,19482.5,4.5,57.375
2017-02-17,"11,837.20",17109.1,2299,19408.1,4.5,50.83333333
2017-02-18,"5,947.87",0,0,0,-1.7,43.25
2017-02-19,"3,228.83",0,0,0,0.7,63.04166667
2017-02-20,"8,853.29",13998.4,1644,15642.4,0.9,52.16666667
2017-02-21,"10,745.44",14964,1751,16715,-1.4,56.54166667
2017-02-22,"10,979.09",16023.1,1633,17656.1,1.9,80.83333333
2017-02-23,"10,901.08",15937.4,2124,18061.4,0.3,53.375
2017-02-24,"10,775.92",17438.1,2766,20204.1,-0.5,49.25
2017-02-25,"7,296.93",0,0,0,2.1,52.29166667
2017-02-26,"3,920.62",0,0,0,2.1,59.20833333
2017-02-27,"9,493.93",15531.2,1664,17195.2,3.4,63.45833333
2017-02-28,"10,909.67",17034.4,2144,19178.4,3.1,53.54166667
2017-03-01,"9,610.67",4038.1,1459,5497.1,4.8,53.20833333
2017-03-02,"9,687.67",13792.6,1684,15476.6,2.5,45.70833333
2017-03-03,"10,994.12",14662.3,2023,16685.3,2,54.875
2017-03-04,"9,129.51",4879.3,1341,6220.3,4,46.41666667
2017-03-05,"3,389.42",0,0,0,5.8,53.33333333
2017-03-06,"8,646.12",12523,1538,14061,1.9,53.125
2017-03-07,"10,411.26",15099.1,1495,16594.1,-1.1,58.29166667
2017-03-08,"10,896.85",16028.8,1454,17482.8,0,43.33333333
2017-03-09,"11,130.60",16722.3,1427,18149.3,3.8,44.75
2017-03-10,"11,333.07",16275.5,1883.3,18158.8,4.6,41.91666667
2017-03-11,"11,234.61",16135.1,2327,18462.1,5.3,47.58333333
2017-03-12,"5,980.61",0,0,0,7.9,47
2017-03-13,"9,712.26",18139,1435,19574,8.3,57.08333333
2017-03-14,"11,500.78",19211.8,2026,21237.8,3.6,49.95833333
2017-03-15,"11,473.42",19576.2,2088,21664.2,2.8,46.25
2017-03-16,"11,926.58",19781.2,1955,21736.2,5.4,57.375
2017-03-17,"11,798.47",19169.7,2220,21389.7,6.2,50.83333333
2017-03-18,"11,679.73",17924.9,2271,20195.9,7.9,43.25
2017-03-19,"5,989.53",0,0,0,8.1,63.04166667
2017-03-20,"9,712.80",18468.9,1572.9,20041.8,7.9,52.16666667
2017-03-21,"11,661.52",19398.2,2156,21554.2,6.9,56.54166667
2017-03-22,"12,176.00",19928.2,2170,22098.2,6,80.83333333
2017-03-23,"12,602.95",19356.6,1787.9,21144.5,8.3,53.375
2017-03-24,"12,410.66",19743.5,2228,21971.5,7.5,49.25
2017-03-25,"11,827.00",19398.7,2309,21707.7,3.5,52.29166667
2017-03-26,"6,189.15",0,0,0,5,59.20833333
2017-03-27,"9,614.02",18072.8,1489,19561.8,5,63.45833333
2017-03-28,"11,986.08",19376.3,2189,21565.3,6.5,53.54166667
2017-03-29,"11,905.05",17550.9,2267,19817.9,8.9,51.36363636
2017-03-30,"11,937.42",17288.9,1862,19150.9,9.5,60.08333333
2017-03-31,"12,239.60",18005.9,3137,21142.9,6.3,50.33333333
2017-04-01,"12,030.80",17722.8,1082,18804.8,5.2,79.66666667
2017-04-02,"6,602.83",0,0,0,7.4,40.41666667
2017-04-03,"10,095.34",17872.2,1379,19251.2,11.9,36.04166667
2017-04-04,"12,409.02",17881.4,1926,19807.4,13,41.16666667
2017-04-05,"12,468.96",15581.2,2026,17607.2,11.2,78.79166667
2017-04-06,"13,110.17",15178.5,1856,17034.5,13.5,69.41666667
2017-04-07,"12,598.78",15092.8,1920,17012.8,14,62.875
2017-04-08,"12,329.50",14332.5,1292,15624.5,16.1,46.625
2017-04-09,"8,060.00",0,0,0,11.2,53.83333333
2017-04-10,"10,459.57",14665.3,1392,16057.3,11.2,47.625
2017-04-11,"12,836.72",15280.4,1955,17235.4,11.5,47.33333333
2017-04-12,"13,272.80",14917,1764,16681,12.1,29.41666667
2017-04-13,"13,426.98",14729.2,1919,16648.2,12.9,44.91666667
2017-04-14,"13,440.96",14468.8,1866,16334.8,13.5,50.83333333
2017-04-15,"13,178.56",16334,2312,18646,17.4,48.29166667
2017-04-16,"9,172.09",0,0,0,17.2,43.91666667
2017-04-17,"10,523.72",15181.3,1369,16550.3,12,79.58333333
2017-04-18,"12,879.89",18025.4,2194,20219.4,12.4,58.20833333
2017-04-19,"12,816.12",18044.9,1889,19933.9,12.8,38.95833333
2017-04-20,"12,876.90",17882.8,2116,19998.8,11.5,59.54166667
2017-04-21,"13,186.28",16419.4,1950,18369.4,11.8,57.33333333
2017-04-22,"12,640.53",14926.2,2744,17670.2,12,62.20833333
2017-04-23,"9,061.89",0,0,0,14.2,43.91666667
2017-04-24,"10,908.02",14101.4,1640,15741.4,15.3,44.25
2017-04-25,"13,318.84",16382.6,2172,18554.6,16.7,45.75
2017-04-26,"13,186.95",18218.4,2244,20462.4,15.8,34.875
2017-04-27,"13,026.64",19147.7,2009,21156.7,12.6,40.45833333
2017-04-28,"13,215.02",18895.8,1984,20879.8,14.2,39.58333333
2017-04-29,"13,180.57",16512.1,2745,19257.1,17.5,34.25
2017-04-30,"9,201.40",0,0,0,19.9,44.625
2017-05-01,"10,776.91",17113.4,1543,18656.4,17,46.54166667
2017-05-02,"13,208.53",22874.2,2802,25676.2,15.5,48.66666667
2017-05-03,"11,687.42",0,0,0,17.3,46.41666667
2017-05-04,"11,541.86",17949.4,1693,19642.4,18.4,47.41666667
2017-05-05,"13,377.77",11787.8,874,12661.8,21.6,45.875
2017-05-06,"11,438.65",16759,2420,19179,16.7,33.41666667
2017-05-07,"7,574.75",0,0,0,16.5,31.5
2017-05-08,"11,470.47",18371.1,1273,19644.1,18.2,47.875
2017-05-09,"13,622.07",19395.7,1745,21140.7,14.8,79.33333333
2017-05-10,"13,114.29",19190.9,1732,20922.9,14.6,78.375
2017-05-11,"13,617.88",20029.7,1811,21840.7,15.9,72.54166667
2017-05-12,"13,574.87",18984.9,1789,20773.9,16.4,73.83333333
2017-05-13,"13,662.53",19049.1,2805,21854.1,17.6,57.125
2017-05-14,"8,604.16",0,0,0,15.8,42.20833333
2017-05-15,"11,285.55",15614.7,1905,17519.7,15.8,56.29166667
2017-05-16,"13,254.71",17423.2,1960,19383.2,17,63.33333333
2017-05-17,"13,731.33",18604.5,1874,20478.5,16.7,70.20833333
2017-05-18,"14,275.74",19337.1,1845,21182.1,18.3,50.75
2017-05-19,"14,451.92",18894.5,1756,20650.5,22.2,32.875
2017-05-20,"14,087.75",16066.8,2491,18557.8,22.2,48.125
2017-05-21,"8,315.25",0,0,0,20.6,49.5
2017-05-22,"11,949.09",18472.1,1477,19949.1,20.2,55.58333333
2017-05-23,"14,682.16",18799.2,1730,20529.2,19,62.875
2017-05-24,"14,459.37",19498.6,2015,21513.6,19.4,70.45833333
2017-05-25,"14,479.36",18970.7,2024,20994.7,18.6,46
2017-05-26,"13,735.83",18261.4,2013,20274.4,15.5,55.79166667
2017-05-27,"14,122.29",16462.7,2286,18748.7,16.7,57.79166667
2017-05-28,"8,426.32",0,0,0,20.1,51.29166667
2017-05-29,"12,164.54",17418.9,1688,19106.9,25.1,54.04166667
2017-05-30,"14,606.01",18721.1,2018,20739.1,22.6,51.29166667
2017-05-31,"14,487.61",20284.6,1745,22029.6,21.5,57.41666667
2017-06-01,"14,432.32",17977.8,2007,19984.8,19.6,71.95833333
2017-06-02,"14,136.87",18443.7,1882,20325.7,17.9,52.29166667
2017-06-03,"13,844.98",16462.1,2067,18529.1,17.5,56.125
2017-06-04,"7,580.94",0,0,0,18.1,49.20833333
2017-06-05,"11,743.01",17023.1,1151,18174.1,19,55.125
2017-06-06,"13,531.66",12544.1,1658,14202.1,15.6,75.08333333
2017-06-07,"11,932.98",17907.3,1610,19517.3,16.7,81.70833333
2017-06-08,"14,212.42",17929.9,2103,20032.9,19.9,60.04166667
2017-06-09,"13,833.59",18707.4,2023,20730.4,21.9,53.66666667
2017-06-10,"14,195.64",17047.2,1929,18976.2,20.1,58.08333333
2017-06-11,"7,293.33",0,0,0,17.7,53.04166667
2017-06-12,"11,553.09",18865,1814,20679,17.4,60.83333333
2017-06-13,"12,611.53",19693.8,1844,21537.8,17.3,69.83333333
2017-06-14,"14,210.48",18154.3,1704,19858.3,19.5,54.79166667
2017-06-15,"14,309.70",17882.8,2041,19923.8,22.6,57.16666667
2017-06-16,"14,540.03",19080.2,2019,21099.2,21.3,60.58333333
2017-06-17,"14,201.41",15831.1,1495,17326.1,22.2,60.29166667
2017-06-18,"6,092.87",0,0,0,24.1,55.125
2017-06-19,"12,045.03",18994.3,1546,20540.3,25.4,49.29166667
2017-06-20,"14,750.85",18188,1723,19911,23.5,59.45833333
2017-06-21,"14,475.13",20213.2,2046,22259.2,24.1,55.5
2017-06-22,"14,339.88",18470.4,1523,19993.4,24.8,59.70833333
2017-06-23,"14,788.87",23125.9,2248,25373.9,24.7,53.25
2017-06-24,"11,419.59",0,0,0,23,71.29166667
2017-06-25,"4,339.33",0,0,0,21.1,78.375
2017-06-26,"11,447.87",16265.9,1638,17903.9,21.7,73.91666667
2017-06-27,"15,133.16",19502.5,2197,21699.5,23.3,71.125
2017-06-28,"15,323.26",19010.2,1806,20816.2,25.3,67.83333333
2017-06-29,"15,502.82",20104.3,2003,22107.3,24.7,72.33333333
2017-06-30,"15,673.90",21046.3,2522,23568.3,25.5,63.08333333
2017-07-01,"9,888.39",0,0,0,24.3,81.54166667
2017-07-02,"5,506.97",0,0,0,24.4,86.33333333
2017-07-03,"12,164.28",14280.5,1887,16167.5,24,88.83333333
2017-07-04,"15,322.56",16356.5,2327,18683.5,25,80.66666667
2017-07-05,"15,704.51",16971.8,1869,18840.8,26,73.91666667
2017-07-06,"15,716.44",17720.2,1404,19124.2,26,73.33333333
2017-07-07,"15,441.08",15822.3,2413,18235.3,25,84.66666667
2017-07-08,"9,030.99",0,0,0,24,87.79166667
2017-07-09,"6,393.65",0,0,0,26,82.83333333
2017-07-10,"13,151.33",16148.7,1466,17614.7,25,87.5
2017-07-11,"15,859.52",17367.3,1722,19089.3,26,72.375
2017-07-12,"15,703.78",16673.1,1717,18390.1,27,66.95833333
2017-07-13,"15,913.16",15671.4,1994,17665.4,26,67.08333333
2017-07-14,"14,492.83",17496.8,2953,20449.8,25,74.33333333
2017-07-15,"10,229.11",0,0,0,24,83.79166667
2017-07-16,"5,368.96",0,0,0,23,87.58333333
2017-07-17,"12,257.43",15626.3,1667,17293.3,25,79.91666667
2017-07-18,"15,387.18",19550.9,1952,21502.9,24,80.45833333
2017-07-19,"15,529.06",18516.6,1935,20451.6,26,77.08333333
2017-07-20,"14,939.71",16660.6,2221,18881.6,27,75.58333333
2017-07-21,"15,364.69",14671.5,3517,18188.5,28,77.66666667
2017-07-22,"9,310.25",0,0,0,28,83.91666667
2017-07-23,"4,259.89",0,0,0,25,90.875
2017-07-24,"12,352.63",17029.9,1638,18667.9,25,92.04166667
2017-07-25,"15,642.05",16829.2,2375,19204.2,25,83.70833333
2017-07-26,"14,886.53",17497.4,2285,19782.4,24,70.875
2017-07-27,"14,667.34",16534.2,1803,18337.2,24,69.04166667
2017-07-28,"14,915.47",20167,3720,23887,23,87
2017-07-29,"10,709.92",0,0,0,22,89.75
2017-07-30,"5,693.14",0,0,0,25,82.70833333
2017-07-31,"12,277.02",14941.4,2047,16988.4,23,90.16666667
2017-08-01,"15,240.65",14913,2691,17604,25,83.29166667
2017-08-02,"15,075.86",17159.3,2436,19595.3,25,80.25
2017-08-03,"15,333.33",16942.5,2054,18996.5,25,75.70833333
2017-08-04,"16,191.14",19970,3481,23451,27,76.04166667
2017-08-05,"12,208.60",0,0,0,29,73.25
2017-08-06,"7,027.12",0,0,0,29,74.75
2017-08-07,"13,756.42",16113.8,1241,17354.8,28,67.29166667
2017-08-08,"12,002.29",17537.4,2179,19716.4,27,71.95833333
2017-08-09,"9,696.53",17358.2,2066,19424.2,23,87.79166667
2017-08-10,"9,607.01",19725.8,1791,21516.8,23,88.41666667
2017-08-11,"9,125.83",16369.9,1829,18198.9,24,80.45833333
2017-08-12,"9,134.86",16410.2,1947,18357.2,24,77.29166667
2017-08-13,"3,706.00",0,0,0,23,81.08333333
2017-08-14,"7,019.21",15827.9,1989,17816.9,21,88.91666667
2017-08-15,"7,369.15",9216.5,1151,10367.5,22,89.95833333
2017-08-16,"7,447.90",20911.8,1498,22409.8,23,84.625
2017-08-17,"9,361.93",18196.3,2009,20205.3,22,86.5
2017-08-18,"9,818.63",17361.2,2329,19690.2,24,82.58333333
2017-08-19,"5,127.68",0,0,0,24,83.45833333
2017-08-20,"2,239.54",0,0,0,22,91.08333333
2017-08-21,"7,805.23",15049.4,1239,16288.4,24,88.5
2017-08-22,"10,382.35",17240.3,1335,18575.3,26,80.33333333
2017-08-23,"10,290.22",18199,2219,20418,25,87.41666667
2017-08-24,"10,418.79",16170.4,2287,18457.4,26,80.875
2017-08-25,"10,301.39",22350,2021,24371,24,62.625
2017-08-26,"9,322.34",17885.5,2351,20236.5,22,62.70833333
2017-08-27,"3,907.20",0,0,0,20,73.83333333
2017-08-28,"7,438.82",15269,1925,17194,22,76.20833333
2017-08-29,"9,362.21",18274.9,1859,20133.9,22,64.83333333
2017-08-30,"8,869.79",17339.1,1808,19147.1,18,71.33333333
2017-08-31,"9,209.26",20812.9,3624,24436.9,19,67.58333333
2017-09-01,"15,176.41",13558.6,1530,15088.6,19,71.91666667
2017-09-02,"14,999.76",18555.2,1962,20517.2,18,74.33333333
2017-09-03,"11,471.88",0,0,0,19,70.58333333
2017-09-04,"13,087.15",14897.4,1488,16385.4,19,73.20833333
2017-09-05,"14,550.97",13941.7,1979,15920.7,19,80.79166667
2017-09-06,"13,182.65",17068.3,2210,19278.3,20,81.25
2017-09-07,"15,010.40",15323.2,1902,17225.2,21,77.5
2017-09-08,"2,180.32",17015.9,2230,19245.9,20,76.375
2017-09-09,"9,434.82",22818.3,2636,25454.3,20,78.83333333
2017-09-10,"6,385.49",0,0,0,20,82.91666667
2017-09-11,"5,484.24",17372.5,1434,18806.5,19,87.66666667
2017-09-12,"9,744.48",18312.8,2229,20541.8,21,67.41666667
2017-09-13,"7,310.10",18814.7,1883,20697.7,18,68.58333333
2017-09-14,"5,181.92",19205.2,2019,21224.2,19,71.45833333
2017-09-15,"4,842.23",19247.9,2182,21429.9,18,68.29166667
2017-09-16,"3,910.59",20200,2288,22488,18,74.91666667
2017-09-17,"6,069.39",0,0,0,20,75.75
2017-09-18,"7,345.70",16744,1473,18217,18,73.625
2017-09-19,"9,418.09",19501.1,1899,21400.1,18,73.125
2017-09-20,"9,498.64",16721.2,1921,18642.2,18,67.66666667
2017-09-21,"9,285.86",22410.6,1992.7,24403.3,16,71.95833333
2017-09-22,"7,103.92",21067.2,1397,22464.2,17,76.91666667
2017-09-23,"7,657.11",22585,1507,24092,17,77.66666667
2017-09-24,"4,956.94",0,0,0,18,76.33333333
2017-09-25,"7,302.95",20282.5,1207,21489.5,20,76.29166667
2017-09-26,"9,634.20",20634.2,1976,22610.2,20,77.33333333
2017-09-27,"9,326.99",19923.8,2133,22056.8,18,90.79166667
2017-09-28,"9,643.47",21368.9,1980,23348.9,18,53.5
2017-09-29,"4,334.17",19683.5,2059,21742.5,14,64.375
2017-09-30,,24467.4,1264,25731.4,14,75.08333333
2017-10-01,469.3,0,0,0,14,86.33333333
2017-10-02,"1,505.20",3866.9,299,4165.9,18,84
2017-10-03,269.32,0,0,0,17,75.45833333
2017-10-04,206.61,0,0,0,16,72.58333333
2017-10-05,301.86,0,0,0,15,76.625
2017-10-06,65.98,14626.3,1196,15822.3,15,89
2017-10-07,,18788.9,2416,21204.9,18,81.70833333
2017-10-08,,0,0,0,19,80.79166667
2017-10-09,"2,047.62",17673.4,1734.8,19408.2,19,77.04166667
2017-10-10,"5,577.41",15127.7,1628,16755.7,20,79.95833333
2017-10-11,"8,076.53",14367.3,1630,15997.3,17,75.58333333
2017-10-12,"8,598.51",16360.5,2031.6,18392.1,13,85.91666667
2017-10-13,"8,512.81",19361.9,3446,22807.9,12,62.70833333
2017-10-14,"5,602.12",0,0,0,12,64.41666667
2017-10-15,"1,173.49",0,0,0,13,70.75
2017-10-16,"6,843.32",16506.3,1636,18142.3,15,76.45833333
2017-10-17,"9,216.61",18238,1930,20168,15,70.29166667
2017-10-18,"8,985.09",19224,1911,21135,13,80.20833333
2017-10-19,"9,056.90",18879,2297.9,21176.9,14,80.5
2017-10-20,"9,008.44",17249.5,2416,19665.5,14,75.54166667
2017-10-21,"5,511.04",3667.1,1394,5061.1,13,70.95833333
2017-10-22,"1,120.73",0,0,0,14,52.45833333
2017-10-23,"6,673.43",19148.6,1611.9,20760.5,12,68.41666667
2017-10-24,"8,884.10",20521.9,2166,22687.9,9,71.66666667
2017-10-25,"8,875.64",19983.2,1864,21847.2,9,75.45833333
2017-10-26,"8,692.27",18628.1,2026.2,20654.3,10,75
2017-10-27,"8,717.85",18886.8,2253,21139.8,12,76.70833333
2017-10-28,"8,506.21",13150.7,2362,15512.7,13,76.66666667
2017-10-29,"1,871.28",0,0,0,11,53
2017-10-30,"6,309.89",20217.7,1545,21762.7,7,53.5
2017-10-31,"8,088.89",21768.1,2465,24233.1,7,56.29166667
2017-11-01,"6,900.73",16136.2,1262,17398.2,13,71.45833333
2017-11-02,"5,867.06",19759.1,2065,21824.1,13,75.45833333
2017-11-03,"4,703.91",18874.9,2204,21078.9,10,62.79166667
2017-11-04,"3,304.46",5947.3,1703,7650.3,8,62.04166667
2017-11-05,895.12,0,0,0,5,67.875
2017-11-06,"6,062.45",16915.2,1592.6,18507.8,7,71.75
2017-11-07,"8,396.40",19928.7,1876,21804.7,10,72.91666667
2017-11-08,"8,444.58",19128.8,1883,21011.8,13,57.45833333
2017-11-09,"8,277.10",19808.6,1835.9,21644.5,6,66.91666667
2017-11-10,"8,142.62",20868.2,2499,23367.2,9,54.375
2017-11-11,"2,272.01",0,0,0,4,61.625
2017-11-12,665.48,0,0,0,2,65.91666667
2017-11-13,"6,038.16",16513.6,1461,17974.6,4,62.04166667
2017-11-14,"8,344.86",19798.8,1883,21681.8,9,43.45833333
2017-11-15,"8,265.20",19432.7,1950,21382.7,4,40.20833333
2017-11-16,"8,173.27",19958.8,2181,22139.8,2,48.66666667
2017-11-17,"7,709.22",19518.2,2285,21803.2,1,54.16666667
2017-11-18,"7,009.07",15478,1647,17125,0,32.83333333
2017-11-19,"1,217.02",0,0,0,-1,35.95833333
2017-11-20,"5,870.10",17763.2,1238,19001.2,2,58.33333333
2017-11-21,"7,316.31",20121.4,2100,22221.4,1,54.45833333
2017-11-22,"7,218.91",18227.1,2224,20451.1,1,53.91666667
2017-11-23,"7,676.32",18627.4,1951.1,20578.5,1,61.375
2017-11-24,"7,323.06",16773.8,2811,19584.8,-1,68.04166667
2017-11-25,"2,533.07",0,0,0,-1,72.91666667
2017-11-26,655.74,0,0,0,3,73.625
2017-11-27,"5,844.67",15269.9,1271,16540.9,2,79.33333333
2017-11-28,"8,359.10",20810.5,1964,22774.5,5,72.45833333
2017-11-29,"7,975.37",20085.4,1871,21956.4,7,36.875
2017-11-30,"7,769.73",21268.4,2494.5,23762.9,0,23.125
2017-12-01,"5,904.33",14521.5,1484,16005.5,-2,45.58333333
2017-12-02,943.59,0,0,0,-1,61.54166667
2017-12-03,807.2,0,0,0,1,71.75
2017-12-04,"5,807.83",12083.2,1226.5,13309.7,0,39.5
2017-12-05,"6,550.45",15788.9,1918,17706.9,-5,49.41666667
2017-12-06,"6,884.51",16043.8,1673,17716.8,-3,73.58333333
2017-12-07,"7,040.01",15859.3,1969.3,17828.6,-1,54.16666667
2017-12-08,"6,605.75",15705.1,2437,18142.1,-4,47.33333333
2017-12-09,"1,835.36",0,0,0,-3,58.875
2017-12-10,623.59,0,0,0,0,56.95833333
2017-12-11,"5,472.62",15507.4,1366,16873.4,-6,40.20833333
2017-12-12,"5,269.84",14904.1,1969,16873.1,-9,35.33333333
2017-12-13,"5,988.51",15355.5,1708,17063.5,-8,48.625
2017-12-14,0,14815.7,1644.2,16459.9,-7,60.04166667
2017-12-15,"4,542.04",15591,2589,18180,-3,55.83333333
2017-12-16,"1,702.06",0,0,0,-4,36.29166667
2017-12-17,"7,709.22",0,0,0,-6,47.33333333
2017-12-18,"7,009.07",14033,1236,15269,-6,71.29166667
2017-12-19,"1,217.02",16679.6,1897,18576.6,-3,47.375
2017-12-20,"5,870.10",16302.5,1712,18014.5,-4,59.29166667
2017-12-21,"7,316.31",14643.6,1699,16342.6,-1,56.16666667
2017-12-22,"7,218.91",15808.6,1901,17709.6,0,68.41666667
2017-12-23,"7,676.32",13797.2,2084,15881.2,1,72.58333333
2017-12-24,"7,323.06",0,0,0,1,72.75
2017-12-25,"2,533.07",0,0,0,-2,48.125
2017-12-26,655.74,14521.5,1218,15739.5,-3,32.29166667
2017-12-27,"5,844.67",15349.2,1469,16818.2,-6,34.625
2017-12-28,"8,359.10",14681,2221,16902,-2,50.91666667
2017-12-29,"7,975.37",18176.3,2880,21056.3,3,68.54166667
2017-12-30,"7,769.73",0,0,0,0,70.625
2017-12-31,0,0,0,0,1,40.08333333
2018-01-01,"1,511.43",0,0,0,-1,45.91666667
2018-01-02,"5,777.82",16494.6,1113,17607.6,0,42.45833333
2018-01-03,"6,872.06",15315.5,1771,17086.5,-3,45.91666667
2018-01-04,"6,933.19",17560.8,1921,19481.8,-3,55.04166667
2018-01-05,"6,701.00",17828.7,2837,20665.7,-2,49.91666667
2018-01-06,"2,045.20",0,0,0,-2,53.79166667
2018-01-07,0,0,0,0,-3,54.125
2018-01-08,"5,554.31",15881.9,1346,17227.9,0,67.5
2018-01-09,"4,056.89",17016.5,1924,18940.5,-4,62
2018-01-10,"4,094.66",16941.6,1944,18885.6,-6,46.125
2018-01-11,"6,393.43",16456.7,1701,18157.7,-10,49.75
2018-01-12,"6,031.17",17392.1,2749,20141.1,-10,43.83333333
2018-01-13,"2,179.32",0,0,0,-6,71.83333333
2018-01-14,776.93,0,0,0,-4,69.75
2018-01-15,"5,472.01",14885.9,1436,16321.9,2,63.04166667
2018-01-16,"6,557.37",16057.2,2070,18127.2,1,77.58333333
2018-01-17,"6,700.88",17433.6,2129,19562.6,3,81.33333333
2018-01-18,"6,733.36",17805.7,1926,19731.7,4,61.5
2018-01-19,"6,975.44",17321.9,3319,20640.9,1,54.70833333
2018-01-20,"2,591.47",0,0,0,0,66.79166667
2018-01-21,983.45,0,0,0,-1,57.95833333
2018-01-22,"5,974.83",15648.4,1925,17573.4,1,61.29166667
2018-01-23,"6,937.69",18163.5,2024,20187.5,-9,33.375
2018-01-24,"6,376.95",18880.7,2211,21091.7,-13,33.375
2018-01-25,"7,054.09",18664,2846,21510,-12,34.70833333
2018-01-26,"6,805.80",18494.9,2290,20784.9,-13,44.20833333
2018-01-27,"6,397.92",18719.8,2206,20925.8,-10,39.91666667
2018-01-28,"2,031.96",0,0,0,-5,35.29166667
2018-01-29,"5,228.21",16488.3,1678,18166.3,-8,38.5
2018-01-30,"6,763.62",18037,1995,20032,-6,54.33333333
2018-01-31,"6,487.79",18906.5,2368,21274.5,-1,42.45833333
2018-02-01,"6,610.77",15886.7,1922,17808.7,-3,43.375
2018-02-02,"6,508.51",17485.6,2110,19595.6,-4,42.16666667
2018-02-03,"4,962.44",5621.2,783,6404.2,-6,37.20833333
2018-02-04,"1,484.46",0,0,0,-9,34.95833333
2018-02-05,"5,195.48",15796.7,1547,17343.7,-9,34.41666667
2018-02-06,"5,983.34",15959.6,2001,17960.6,-10,37.375
2018-02-07,"6,303.12",17022.6,1964,18986.6,-8,38.29166667
2018-02-08,"6,590.38",18291.7,2039,20330.7,-6,44.29166667
2018-02-09,"6,692.52",16484.9,2938,19422.9,0,51.41666667
2018-02-10,"3,810.65",3173.2,575,3748.2,1,35.25
2018-02-11,788.29,0,0,0,-6,43.125
2018-02-12,"5,536.89",16425.4,1973,18398.4,-7,54.16666667
2018-02-13,"7,191.50",17834.1,2040,19874.1,-3,57.79166667
2018-02-14,"6,814.20",16193.9,1797,17990.9,1,42.91666667
2018-02-15,"1,556.85",0,0,0,2,32.66666667
2018-02-16,707.21,0,0,0,-1,31.125
2018-02-17,749.73,0,0,0,-2,26.41666667
2018-02-18,"1,798.89",0,0,0,0,37.95833333
2018-02-19,0,13876.4,1389,15265.4,2,40.66666667
2018-02-20,0,16996.5,1982,18978.5,2,29.66666667
2018-02-21,"7,287.21",16596.4,1968,18564.4,0,29.66666667
2018-02-22,"7,324.24",16988.1,2106,19094.1,-1,54.16666667
2018-02-23,"7,140.82",19068.6,2359,21427.6,2,61.66666667
2018-02-24,"3,674.83",0,0,0,6,51.375
2018-02-25,914.94,0,0,0,4,45.79166667
2018-02-26,"5,872.04",15443.22,1794,17237.22,2,47.79166667
2018-02-27,"7,368.96",17798.94,2107,19905.94,4,47.375
2018-02-28,"7,469.17",16809.06,1442,18251.06,4,75.41666667
2018-03-01,"5,953.41",5317.38,1311,6628.38,1,47.20833333
2018-03-02,"6,111.98",16957.1,1520,18477.1,0,47.75
2018-03-03,"1,573.27",0,0,0,5,53.25
2018-03-04,798.84,0,0,0,11,71.41666667
2018-03-05,"5,761.55",14995.72,1040.9,16036.62,4,69.45833333
2018-03-06,"7,605.28",15886.4,1673,17559.4,3,62.25
2018-03-07,"7,291.05",15234.6,1969,17203.6,3,78.29166667
2018-03-08,"7,394.47",16592.3,1513.7,18106,3,76.91666667
2018-03-09,"6,931.59",17820,1156,18976,3,71.33333333
2018-03-10,"1,735.66",0,0,0,4,54.875
2018-03-11,697.96,0,0,0,6,53.20833333
2018-03-12,"6,156.37",14382.4,1123,15505.4,8,54.04166667
2018-03-13,"7,824.74",15018.8,1538,16556.8,11,59.29166667
2018-03-14,"7,992.95",15986.3,1415,17401.3,14,62.75
2018-03-15,"8,086.51",16132.9,1535.6,17668.5,11,86.625
2018-03-16,0,18407.7,2453,20860.7,2,65.83333333
2018-03-17,"1,890.49",0,0,0,3,59.20833333
2018-03-18,740.13,0,0,0,7,70.91666667
2018-03-19,"6,137.71",16069.7,1437,17506.7,6,76.04166667
2018-03-20,"7,521.81",18099,1810,19909,3,57
2018-03-21,"7,321.29",17543.6,1762,19305.6,2,64.54166667
2018-03-22,"7,776.99",17876.2,1878.1,19754.3,6,48.41666667
2018-03-23,"7,734.50",18419.1,2331,20750.1,7,38.29166667
2018-03-24,"2,905.94",0,0,0,9,51.16666667
2018-03-25,897.62,0,0,0,11,37.91666667
2018-03-26,"6,659.63",17193.9,2045.8,19239.7,12,48.95833333
2018-03-27,0,18003.9,1854,19857.9,14,54.45833333
2018-03-28,"8,378.46",17409,2102,19511,16,48.08333333
2018-03-29,"8,454.90",17940.6,2306.5,20247.1,16,51.79166667
2018-03-30,"7,782.11",17705.6,2690,20395.6,11,55.91666667
2018-03-31,"3,151.60",0,0,0,13,48.66666667
2018-04-01,955.74,0,0,0,17,63.33333333
2018-04-02,"7,178.83",17814.9,1884.3,19699.2,19,55.25
2018-04-03,"8,688.01",19437.3,1847,21284.3,19,61.20833333
2018-04-04,"8,421.53",19547.4,2034,21581.4,9,83.54166667
2018-04-05,"8,318.43",19393.3,1962.4,21355.7,5,86.79166667
2018-04-06,"8,394.77",22702.9,2429,25131.9,7,54.95833333
2018-04-07,"3,138.46",0,0,0,3,41
2018-04-08,864.5,0,0,0,7,53.125
2018-04-09,"6,712.49",17063.2,1873,18936.2,10,46.375
2018-04-10,"8,950.38",19336.5,1997,21333.5,13,55.95833333
2018-04-11,"9,081.16",18669.9,2062,20731.9,14,37.79166667
2018-04-12,"9,245.99",18857.6,1716.1,20573.7,12,36.375
2018-04-13,"7,422.39",20384.7,1863,22247.7,11,48.33333333
2018-04-14,"8,587.91",22507.1,1905,24412.1,8,77.66666667
2018-04-15,"5,431.57",0,0,0,10,58.54166667
2018-04-16,"7,226.24",18664.6,1495.3,20159.9,11,59.20833333
2018-04-17,"9,095.85",20510,2229,22739,13,52.20833333
2018-04-18,"9,319.98",18952.9,2107,21059.9,14,37.04166667
2018-04-19,"9,421.92",21034.3,1765,22799.3,15,41.5
2018-04-20,"9,696.10",18635.2,2020.1,20655.3,18,50.375
2018-04-21,"9,389.30",19841.4,1495,21336.4,20,40.41666667
2018-04-22,"5,628.85",0,0,0,16,58.33333333
2018-04-23,"6,518.30",18046,1127.5,19173.5,9,88.66666667
2018-04-24,"8,237.63",19053.6,2230,21283.6,10,69.33333333
2018-04-25,"8,243.39",18673.9,1780,20453.9,11,54.5
2018-04-26,"8,829.56",18114.7,1971,20085.7,15,44.875
2018-04-27,"8,935.43",17957,1701,19658,16,56.58333333
2018-04-28,"7,944.75",20253.4,2314,22567.4,16,42.625
2018-04-29,"2,597.66",0,0,0,17,45.08333333
2018-04-30,"7,040.17",16417.8,1240,17657.8,19,55.75
2018-05-01,"8,223.90",16813.3,1146,17959.3,18,76.20833333
2018-05-02,"7,128.89",18929.9,1252,20181.9,14,80.33333333
2018-05-03,"8,065.44",18819.7,1665.9,20485.6,10,61.70833333
2018-05-04,"8,521.73",19855.8,1630,21485.8,13,38.20833333
2018-05-05,"9,387.34",21491.1,1972,23463.1,17,52.95833333
2018-05-06,"3,087.55",0,0,0,14,91.75
2018-05-07,"6,822.39",17273,1695,18968,15,79.33333333
2018-05-08,"8,755.09",19594.9,1654,21248.9,13,70.41666667
2018-05-09,"8,840.11",20656.8,1900,22556.8,12,68.20833333
2018-05-10,"9,198.30",20561.5,1989.8,22551.3,16,54.625
2018-05-11,"9,165.35",22337,2848,25185,17,51.91666667
2018-05-12,"4,131.85",0,0,0,13,92.20833333
2018-05-13,"1,242.63",0,0,0,18,71.58333333
2018-05-14,"7,161.61",17229.1,1764,18993.1,18,64.875
2018-05-15,"9,947.75",19811.3,2099,21910.3,22,64.45833333
2018-05-16,"10,176.58",21670.7,1938,23608.7,20,90.79166667
2018-05-17,"10,162.76",18975.8,2214,21189.8,24,83.5
2018-05-18,"9,917.51",20865.7,1652,22517.7,18,84.04166667
2018-05-19,"8,971.10",20858.9,1689,22547.9,14,58.66666667
2018-05-20,"3,479.86",0,0,0,14,57.08333333
2018-05-21,"7,190.80",20196.9,2121.8,22318.7,14,71.66666667
2018-05-22,"9,122.27",18166.2,1297,19463.2,17,72.16666667
2018-05-23,"8,276.75",20059,2134,22193,19,56.66666667
2018-05-24,"9,003.06",20699.8,1490.3,22190.1,19,49.25
2018-05-25,"8,765.88",20093,1598.1,21691.1,20,46.83333333
2018-05-26,"8,492.79",19792.1,1084,20876.1,20,55.08333333
2018-05-27,"3,149.46",0,0,0,20,62.5
2018-05-28,"7,578.57",17591.8,1546,19137.8,21,66.83333333
2018-05-29,"9,537.21",20393.4,1806,22199.4,22,70.08333333
2018-05-30,"9,418.27",20336.4,1922,22258.4,20,61.41666667
2018-05-31,"9,569.55",23451.9,2124,25575.9,20,60.29166667
2018-06-01,"9,812.47",24893.9,1201,26094.9,22,59.75
2018-06-02,"5,346.71",0,0,0,24,50.70833333
2018-06-03,"1,584.59",0,0,0,22,52.45833333
2018-06-04,"7,693.17",17007.3,1093,18100.3,22,61.66666667
2018-06-05,"9,734.58",18939,1826,20765,21,75.29166667
2018-06-06,"9,713.25",15579.3,1360,16939.3,23,61.58333333
2018-06-07,"9,012.56",19379.8,1500.1,20879.9,25,56.70833333
2018-06-08,"10,225.44",19678.3,2128,21806.3,24,64.375
2018-06-09,"9,779.78",24381.5,1361,25742.5,21,61.83333333
2018-06-10,"5,931.72",0,0,0,18,67.66666667
2018-06-11,"7,624.67",17472.5,1594,19066.5,17,76.70833333
2018-06-12,"9,536.82",20179.4,1794,21973.4,19,67.875
2018-06-13,"9,361.08",20502.3,1564.2,22066.5,20,68.95833333
2018-06-14,"9,388.91",20286.7,2298,22584.7,18,69
2018-06-15,"9,232.55",20883.1,2436.8,23319.9,18,66.5
2018-06-16,"8,434.33",20939.5,0,20939.5,18,67.29166667
2018-06-17,"2,723.72",0,0,0,20,68.08333333
2018-06-18,"7,526.91",16424.5,1724,18148.5,24,61.25
2018-06-19,"9,911.28",20695.4,2118,22813.4,21,76.29166667
2018-06-20,"9,840.99",20251.7,2516,22767.7,22,60.45833333
2018-06-21,"9,683.97",21731.9,1646,23377.9,23,55.91666667
2018-06-22,"10,075.02",18947.8,2445,21392.8,24,50.125
2018-06-23,"10,160.57",24223.8,942,25165.8,24,54.41666667
2018-06-24,"4,179.65",0,0,0,26,51.54166667
2018-06-25,"8,303.21",17966.2,1443,19409.2,26,63.58333333
2018-06-26,"10,040.47",20794.8,1828,22622.8,21,89.20833333
2018-06-27,"10,825.91",20374.7,1956,22330.7,25,75.45833333
2018-06-28,"10,735.36",20606.7,1961.3,22568,23,82.375
2018-06-29,"10,586.47",20466.8,1747,22213.8,25,77.33333333
2018-06-30,"10,286.44",24845.2,1078,25923.2,23,83.41666667
2018-07-01,"3,941.02",0,0,0,21,91.41666667
2018-07-02,"6,315.01",14546.1,1481,16027.1,21,91.79166667
2018-07-03,"9,443.67",18914.8,2291,21205.8,23,79.70833333
2018-07-04,"9,973.93",19608.4,1926,21534.4,26,78.16666667
2018-07-05,"9,535.56",19854,1627,21481,22,87.08333333
2018-07-06,"8,512.13",21096.7,2006,23102.7,22,74.54166667
2018-07-07,"5,941.74",5451.6,1288,6739.6,20,67.95833333
2018-07-08,"2,267.70",0,0,0,19,73.08333333
2018-07-09,"7,074.40",13821.6,1322.4,15144,19,91.41666667
2018-07-10,"8,282.05",21447.4,1605,23052.4,23,84.91666667
2018-07-11,"10,136.83",20976,1600,22576,26,82.875
2018-07-12,"9,911.81",21525.8,1419,22944.8,27,68.83333333
2018-07-13,"9,832.94",19653.5,1943,21596.5,27,70.375
2018-07-14,"9,974.39",27247.4,1955,29202.4,28,68.79166667
2018-07-15,"4,486.65",0,0,0,27,65.125
2018-07-16,"7,983.12",17357.2,1470,18827.2,28,64.625
2018-07-17,"10,175.65",22451.3,1819,24270.3,28,66.54166667
2018-07-18,"9,945.99",22639.7,1920,24559.7,27,66.04166667
2018-07-19,"10,022.52",24465.9,1912,26377.9,28,65.58333333
2018-07-20,"9,717.03",21661.1,2510,24171.1,28,70.16666667
2018-07-21,"6,208.60",8287.6,715,9002.6,29,69.25
2018-07-22,"1,829.90",0,0,0,29,70.5
2018-07-23,"7,905.49",16672.5,1633,18305.5,29,67.45833333
2018-07-24,"9,774.65",22111.1,1795,23906.1,30,63.375
2018-07-25,"9,511.64",21812.2,1700,23512.2,30,63
2018-07-26,"9,799.96",22150.8,1761,23911.8,30,64.91666667
2018-07-27,"9,507.90",27514.8,2144,29658.8,30,65.875
2018-07-28,"5,330.29",0,0,0,28,72.25
2018-07-29,"3,078.34",0,0,0,27,60.95833333
2018-07-30,"7,191.87",14577.4,1624,16201.4,28,63.45833333
2018-07-31,"8,554.32",22241,1407,23648,28,62.75
2018-08-01,"8,968.60",18086,1630,19716,29,59.5
2018-08-02,"7,890.72",17579.9,1665,19244.9,29,60.83333333
2018-08-03,"8,059.39",20095.3,1214,21309.3,29,62.125
2018-08-04,"3,091.30",0,0,0,30,56.79166667
2018-08-05,"1,988.28",0,0,0,30,66.25
2018-08-06,"7,877.40",14421.2,1684,16105.2,27,72.91666667
2018-08-07,"9,623.30",17312.7,1446,18758.7,27,70.16666667
2018-08-08,"9,962.88",18831.4,1970,20801.4,28,68.125
2018-08-09,"9,676.80",19244.4,1814,21058.4,27,76.54166667
2018-08-10,"9,290.88",21009.9,2998,24007.9,26,82.20833333
2018-08-11,"5,957.57",0,0,0,25,77.25
2018-08-12,"1,967.00",0,0,0,26,76.625
2018-08-13,"7,912.62",18004,1716,19720,28,72.54166667
2018-08-14,"10,186.00",20545.7,1579,22124.7,28,70.16666667
2018-08-15,"9,820.40",16014.8,1762,17776.8,28,65.66666667
2018-08-16,"9,233.91",19529.2,1504,21033.2,24,72.375
2018-08-17,"8,965.71",18605.1,1956,20561.1,21,68.25
2018-08-18,"8,139.36",19247.3,1825,21072.3,22,69
2018-08-19,"4,380.69",0,0,0,23,70.125
2018-08-20,"6,914.19",12956.2,1598,14554.2,24,68.375
2018-08-21,"9,220.14",18135.5,1614,19749.5,25,70.33333333
2018-08-22,"9,543.51",18626.9,1687,20313.9,27,68.16666667
2018-08-23,"9,143.48",17529.9,1991.7,19521.6,26,75.375
2018-08-24,"8,793.45",17705.7,1680,19385.7,24,79.95833333
2018-08-25,"8,842.33",18231.6,2014.4,20246,23,72.08333333
2018-08-26,"5,414.91",0,0,0,19,89.625
2018-08-27,"6,938.43",14681.4,2075,16756.4,21,93.875
2018-08-28,"8,755.20",18032.9,1782,19814.9,22,95.75
2018-08-29,"9,070.24",17196,1948,19144,24,87.04166667
2018-08-30,"9,086.29",16477,1668.9,18145.9,24,86.625
2018-08-31,"8,584.21",17863,2037,19900,21,86.08333333
2018-09-01,"8,598.10",19573.4,1417,20990.4,21,75.04166667
2018-09-02,"4,916.54",0,0,0,20,77.58333333
2018-09-03,"6,992.84",13128.7,1310,14438.7,21,89.08333333
2018-09-04,"8,642.34",17140.3,1855,18995.3,22,62.33333333
2018-09-05,"8,823.93",17011.1,1807,18818.1,22,64.08333333
2018-09-06,"8,828.81",16672.8,1787.3,18460.1,20,73.83333333
2018-09-07,"8,551.60",17745,1790,19535,19,70.45833333
2018-09-08,"8,498.36",22511.8,1578,24089.8,17,70.45833333
2018-09-09,"5,260.04",0,0,0,19,65.45833333
2018-09-10,"7,155.05",19066.7,1529,20595.7,18,68.625
2018-09-11,"8,931.51",20075.4,1729,21804.4,16,67.375
2018-09-12,"9,299.69",22415.9,2061,24476.9,19,73.79166667
2018-09-13,"8,920.13",22363.9,1685,24048.9,18,84.95833333
2018-09-14,"9,333.58",23388,1834,25222,20,85.91666667
2018-09-15,"9,133.51",25885,2016,27901,20,89.83333333
2018-09-16,"5,749.24",0,0,0,21,78.25
2018-09-17,"6,800.71",21396.1,1728,23124.1,20,70.25
2018-09-18,"8,963.22",23067.8,1843,24910.8,19,70.91666667
2018-09-19,"8,547.62",26938.3,1367,28305.3,19,72.70833333
2018-09-20,"8,850.75",25523.4,1513,27036.4,17,89
2018-09-21,"9,141.53",24118.7,1280,25398.7,18,88.83333333
2018-09-22,"7,853.78",19196,1297,20493,18,71.79166667
2018-09-23,"1,370.75",0,0,0,17,62.625
2018-09-24,884.25,0,0,0,15,65.95833333
2018-09-25,"2,037.29",0,0,0,14,69.41666667
2018-09-26,"6,553.75",20609.8,1447.7,22057.5,14,76.20833333
2018-09-27,"8,245.43",22375.1,1688,24063.1,14,70
2018-09-28,"7,779.50",22610.7,1503,24113.7,14,77.25
2018-09-29,"7,732.15",24793.5,1620,26413.5,17,74.08333333
2018-09-30,"4,162.63",0,0,0,17,49.04166667
2018-10-01,"6,178.42",15830.2,1394,17224.2,14,66.91666667
2018-10-02,"8,235.31",21620.2,1713,23333.2,13,73.45833333
2018-10-03,,14777.3,1911,16688.3,13,70.54166667
2018-10-04,,20226,1953,22179,17,71.58333333
2018-10-05,,20822.1,1742,22564.1,16,90.29166667
2018-10-06,,22386.8,2154,24540.8,18,81.70833333
2018-10-07,,0,0,0,16,53.70833333
2018-10-08,,18919.1,1938,20857.1,13,68.08333333
2018-10-09,,20079.9,2138,22217.9,13,73.58333333
2018-10-10,,20751.7,1969,22720.7,12,56
2018-10-11,,20017.9,1518,21535.9,9,60.45833333
2018-10-12,,22888.5,2188,25076.5,8,70.29166667
2018-10-13,,0,0,0,10,73.16666667
2018-10-14,,0,0,0,12,67.54166667
2018-10-15,,16934.1,1521.8,18455.9,12,74.33333333
2018-10-16,398.66,19815,1743,21558,10,79.70833333
2018-10-17,"7,879.89",20842.2,1325,22167.2,10,71.91666667
2018-10-18,"7,613.15",19184.6,1569.1,20753.7,9,73.29166667
2018-10-19,"8,069.38",25166.4,3583,28749.4,11,71.25
2018-10-20,"5,145.30",0,0,0,9,70.54166667
2018-10-21,"1,015.27",0,0,0,9,66.16666667
2018-10-22,"6,075.68",20327,894.2,21221.2,10,71.375
2018-10-23,"8,015.15",20525.1,2016,22541.1,12,68.66666667
2018-10-24,"8,147.27",20615.7,1896,22511.7,11,66.04166667
2018-10-25,"8,165.84",20588.5,1941.4,22529.9,9,68.29166667
2018-10-26,"7,684.76",21654.6,1517,23171.6,10,74.20833333
2018-10-27,"7,685.49",26224.8,1716,27940.8,8,54.16666667
2018-10-28,"4,708.05",0,0,0,8,75.33333333
2018-10-29,"6,048.23",18797.6,1090,19887.6,8,57.95833333
2018-10-30,"7,803.02",22228,1703,23931,6,56.45833333
2018-10-31,"7,928.08",21537.1,1995,23532.1,7,60.375
2018-11-01,"13,537.91",22490.2,1743.3,24233.5,5,64.58333333
2018-11-02,"13,520.75",20097.6,2056,22153.6,6,69.16666667
2018-11-03,"12,976.85",20656.7,1643,22299.7,7,68.625
2018-11-04,"5,020.06",0,0,0,7,68.83333333
2018-11-05,"11,329.68",20104,1547,21651,8,70.5
2018-11-06,"13,928.10",21302,2166,23468,11,74.625
2018-11-07,"14,176.09",20327.3,1855,22182.3,12,91.875
2018-11-08,"14,713.99",20063.7,1678.5,21742.2,13,79.95833333
2018-11-09,"14,037.61",21265.8,1851,23116.8,11,69.45833333
2018-11-10,"12,886.21",21562.6,1741,23303.6,8,74.83333333
2018-11-11,"5,611.98",0,0,0,7,62.08333333
2018-11-12,"11,734.76",18736.9,1553,20289.9,9,71.5
2018-11-13,"13,972.46",22098.4,936,23034.4,8,76.16666667
2018-11-14,"13,722.74",20979.1,1223,22202.1,7,75.45833333
2018-11-15,"13,788.58",21352.6,806,22158.6,6,78.83333333
2018-11-16,"12,957.77",29390.9,1621,31011.9,7,69.79166667
2018-11-17,"9,376.45",0,0,0,7,62.45833333
2018-11-18,"3,087.95",0,0,0,5,55.16666667
2018-11-19,,20608.8,881,21489.8,5,50.125
2018-11-20,,20619.2,1792,22411.2,4,55.75
2018-11-21,,19425,1854,21279,4,57.91666667
2018-11-22,,21212.1,1490.3,22702.4,3,37.45833333
2018-11-23,,20491.4,2003,22494.4,0,47.95833333
2018-11-24,,26649.6,933,27582.6,-1,91.75
2018-11-25,,0,0,0,0,94.33333333
2018-11-26,,17706.7,1158.7,18865.4,1,84.41666667
2018-11-27,,20185,1452,21637,5,63.04166667
2018-11-28,,19849.5,1471,21320.5,5,64.25
2018-11-29,,20726.8,1347.8,22074.6,3,52.08333333
2018-11-30,,28706,2296,31002,4,38.54166667
2018-12-01,"7,483.97",0,0,0,3,66.66666667
2018-12-02,"3,318.80",0,0,0,6,74.54166667
2018-12-03,"10,826.51",17538.2,1410,18948.2,9,92.95833333
2018-12-04,0,21350,1661,23011,10,62.79166667
2018-12-05,0,21520,1288,22808,3,63.125
2018-12-06,0,20476,1787,22263,4,54.875
2018-12-07,"12,231.88",20501.2,2143,22644.2,-5,33.41666667
2018-12-08,"7,105.85",0,0,0,-7,39.66666667
2018-12-09,"3,369.27",0,0,0,-6,46.125
2018-12-10,"10,027.92",17605,1685,19290,-5,60.375
2018-12-11,"12,762.08",19583,1954,21537,-1,80.08333333
2018-12-12,"12,611.17",20992.6,1643,22635.6,-2,55
2018-12-13,"12,417.69",22374.3,1810,24184.3,-3,59.75
2018-12-14,"12,760.35",27268.1,3405,30673.1,-5,59.04166667
2018-12-15,"8,515.24",0,0,0,-5,62.25
2018-12-16,"4,301.01",0,0,0,-2,69.08333333
2018-12-17,"10,671.27",20680.1,1201,21881.1,2,44.20833333
2018-12-18,"12,216.04",20748.3,1829,22577.3,1,69.5
2018-12-19,"12,372.83",19814.6,2218,22032.6,2,62.66666667
2018-12-20,"12,276.83",19993.1,1703.2,21696.3,0,64.375
2018-12-21,"12,118.22",21615.8,1637,23252.8,2,63.70833333
2018-12-22,"11,756.22",21108.5,2084,23192.5,5,61.16666667
2018-12-23,"5,709.57",0,0,0,5,36.25
2018-12-24,"10,620.44",17467.2,1363,18830.2,-2,43.04166667
2018-12-25,"10,764.96",13848.4,1538,15386.4,-3,59.75
2018-12-26,"11,410.87",20019.2,1831,21850.2,1,26.08333333
2018-12-27,"12,261.58",20913.6,1807,22720.6,-8,28.45833333
2018-12-28,"12,110.41",20376.8,2090,22466.8,-10,33.20833333
2018-12-29,"11,472.05",21137.6,1526,22663.6,-8,33.08333333
2018-12-30,"5,239.88",0,0,0,-7,51.25
2018-12-31,"10,112.49",19466.8,1884,21350.8,-6,38.5
2019-01-01,"5,837.06",0,0,0,-4,50.70833333
2019-01-02,"10,360.66",17528.3,1258,18786.3,-4,39.33333333
2019-01-03,"11,289.63",18398.8,2030,20428.8,-4,39.33333333
2019-01-04,"11,758.69",22694.7,1817,24511.7,-3,45.375
2019-01-05,"6,995.09",0,0,0,-1,43.20833333
2019-01-06,"3,502.61",0,0,0,-4,40.875
2019-01-07,"10,049.50",15873.6,1273,17146.6,-3,41.41666667
2019-01-08,"12,395.68",20496.4,1848,22344.4,-2,31.875
2019-01-09,"11,913.99",20001.6,1844,21845.6,-6,45.375
2019-01-10,"12,789.00",20672,1924,22596,-2,53.5
2019-01-11,"12,268.55",21071.6,2104,23175.6,-1,59.04166667
2019-01-12,"12,453.64",19061.8,1922,20983.8,1,91.20833333
2019-01-13,"6,516.16",0,0,0,-3,91.08333333
2019-01-14,"10,686.00",19640,1712,21352,-4,80.70833333
2019-01-15,"12,177.82",21683.3,1941,23624.3,-1,55.58333333
2019-01-16,"11,569.69",21327.4,1962,23289.4,-5,44.66666667
2019-01-17,"11,588.85",20496.6,1836,22332.6,0,36.75
2019-01-18,"11,828.54",20610.4,1666,22276.4,0,42.45833333
2019-01-19,"11,415.62",19831,1835,21666,-1,49.83333333
2019-01-20,"4,829.11",0,0,0,1,31.625
2019-01-21,"10,765.44",21167.2,1890,23057.2,-1,53.83333333
2019-01-22,"12,702.23",22167.4,1602,23769.4,3,42.75
2019-01-23,"12,431.50",20493.6,1833,22326.6,3,48.5
2019-01-24,"12,433.81",21605.2,1579,23184.2,0,31.83333333
2019-01-25,"11,987.11",24396.2,1800,26196.2,-2,28.58333333
2019-01-26,"5,933.21",0,0,0,-3,39.66666667
2019-01-27,"3,908.85",0,0,0,-3,46.58333333
2019-01-28,"8,062.57",18120.8,1164,19284.8,1,42.875
2019-01-29,"10,994.01",20951.4,1821,22772.4,-3,46.70833333
2019-01-30,"12,228.75",21161,1805,22966,2,38.54166667
2019-01-31,"12,642.53",22526.2,1875,24401.2,0,37.95833333
2019-02-01,"12,080.57",24434.2,2284,26718.2,-2,46.58333333
2019-02-02,"7,811.41",0,0,0,1,62.20833333
2019-02-03,"3,328.34",0,0,0,3,77.79166667
2019-02-04,"3,680.52",0,0,0,1,46.16666667
2019-02-05,"3,989.47",0,0,0,0,56.25
2019-02-06,"4,306.50",0,0,0,4,58.66666667
2019-02-07,"9,283.82",16299.4,1495,17794.4,1,33.91666667
2019-02-08,"11,659.15",19570.8,1868,21438.8,-3,30.83333333
2019-02-09,"8,836.76",9610.1,540,10150.1,-3,34.5
2019-02-10,"4,093.69",0,0,0,-3,34.04166667
2019-02-11,"9,748.89",16611.1,1295,17906.1,-2,39.375
2019-02-12,"9,969.68",18029.8,1894,19923.8,-1,37.375
2019-02-13,"11,135.64",19662.4,1920,21582.4,-1,32.83333333
2019-02-14,"11,633.37",20205.8,1652,21857.8,0,61.45833333
2019-02-15,"10,676.53",23184.6,2225,25409.6,1,56
2019-02-16,"6,172.70",0,0,0,-2,51.20833333
2019-02-17,"3,609.88",0,0,0,-1,39.125
2019-02-18,"10,434.92",19498,1789,21287,1,54.125
2019-02-19,"11,682.55",20897.4,1606,22503.4,1,78.58333333
2019-02-20,"12,392.46",19848.2,1853,21701.2,1,69.91666667
2019-02-21,"11,913.25",20949.4,1937,22886.4,1,71.375
2019-02-22,"11,699.56",25342.6,1911,27253.6,2,65.95833333
2019-02-23,"5,224.72",0,0,0,3,66.95833333
2019-02-24,"2,140.75",0,0,0,5,48.29166667
2019-02-25,"9,564.15",17125.6,1388,18513.6,5,55.875
2019-02-26,"11,753.94",20764,1444,22208,4,53.29166667
2019-02-27,"12,248.87",21624.2,1339.2,22963.4,6,67.04166667
2019-02-28,"11,053.01",23579.3,1734,25313.3,7,52.79166667
2019-03-01,"11,065.55",15474.2,1414,16888.2,5,49.79166667
2019-03-02,"3,023.91",0,0,0,5,56.58333333
2019-03-03,"2,776.40",0,0,0,7,53.91666667
2019-03-04,"10,419.64",18552.4,1371.8,19924.2,8,57.58333333
2019-03-05,"12,412.71",20855,1805,22660,7,48.20833333
2019-03-06,"12,744.55",20964.4,1783,22747.4,9,50.41666667
2019-03-07,"13,164.67",20533.4,2062,22595.4,7,57.58333333
2019-03-08,"13,034.46",26173,1293,27466,6,43
2019-03-09,"7,320.20",0,0,0,6,29.95833333
2019-03-10,"2,771.34",0,0,0,6,77.29166667
2019-03-11,"10,185.16",19957.8,1455.7,21413.5,4,65.5
2019-03-12,"12,331.19",21144.8,1812,22956.8,5,56.20833333
2019-03-13,"12,224.12",20505.6,1817,22322.6,2,41.79166667
2019-03-14,"12,337.40",21808.5,1633.1,23441.6,3,48.95833333
2019-03-15,"12,650.83",22733,1530,24263,3,75.91666667
2019-03-16,"12,134.16",21942,1639,23581,4,60.41666667
2019-03-17,"5,330.99",0,0,0,5,59
2019-03-18,"10,833.16",17726.8,1467,19193.8,6,39.54166667
2019-03-19,"13,256.30",20560.4,1633,22193.4,9,54.04166667
2019-03-20,"12,907.92",20908.3,1786,22694.3,10,78.45833333
2019-03-21,"13,502.78",22263.8,1369.2,23633,8,67.79166667
2019-03-22,"13,189.68",21120.4,1709,22829.4,4,42.375
2019-03-23,"12,557.05",19631.4,1574,21205.4,3,58.41666667
2019-03-24,"5,366.53",0,0,0,4,48.41666667
2019-03-25,"8,954.23",11046.5,961,12007.5,7,49.66666667
2019-03-26,"13,748.57",22296,1816,24112,9,50.625
2019-03-27,"13,007.26",20655.4,1772,22427.4,11,50.58333333
2019-03-28,"13,037.43",21512.4,1461.6,22974,9,73.16666667
2019-03-29,"13,319.58",21867,1348,23215,9,58.33333333
2019-03-30,"12,665.58",19586.4,1625,21211.4,5,67.75
2019-03-31,"5,156.44",0,0,0,3,51.16666667
2019-04-01,"9,766.38",16558.3,1307,17865.3,4,39.33333333
2019-04-02,"12,005.02",21468.2,1914,23382.2,6,34.83333333
2019-04-03,"13,286.62",23427.5,1152,24579.5,7,24.95833333
2019-04-04,"12,669.23",22037.8,1598.3,23636.1,10,31.375
2019-04-05,"13,083.05",22166,1159,23325,10,34.08333333
2019-04-06,"12,287.05",21477.4,932,22409.4,11,31.58333333
2019-04-07,"5,657.23",0,0,0,13,40.33333333
2019-04-08,"11,092.18",20219.6,1330,21549.6,11,38.875
2019-04-09,"12,958.87",22398.8,1494,23892.8,6,74.41666667
2019-04-10,"12,194.82",22863,1500,24363,5,83.08333333
2019-04-11,"13,193.38",23379.2,1630.5,25009.7,7,67
2019-04-12,"14,243.41",27223.6,1334,28557.6,10,50.16666667
2019-04-13,"8,438.65",0,0,0,11,37.08333333
2019-04-14,"3,541.79",0,0,0,9,52.33333333
2019-04-15,"11,474.89",17514.6,1812.9,19327.5,12,30.91666667
2019-04-16,"14,707.54",22682,1982,24664,13,32.79166667
2019-04-17,"14,673.16",22501.5,2026,24527.5,16,35.54166667
2019-04-18,"15,398.31",23057.6,1767,24824.6,15,56.04166667
2019-04-19,"14,509.52",21650,2105,23755,9,71.83333333
2019-04-20,"14,148.39",26862,808,27670,13,54.5
2019-04-21,"8,380.39",0,0,0,17,62.54166667
2019-04-22,"12,678.79",19447.4,1625.8,21073.2,17,60.41666667
2019-04-23,"14,671.44",23795,1909,25704,16,76.625
2019-04-24,"12,287.34",22224.6,1786,24010.6,17,76.58333333
2019-04-25,"14,509.35",23376.8,1727.8,25104.6,13,80.70833333
2019-04-26,"14,613.52",22659.4,1886,24545.4,9,84.875
2019-04-27,"14,180.33",25213.8,1374,26587.8,10,59.95833333
2019-04-28,"8,104.75",0,0,0,10,76.125
2019-04-29,"11,540.59",20507.5,1236,21743.5,10,83.79166667
2019-04-30,"15,188.75",22506,2019,24525,15,80.5
2019-05-01,"14,928.08",17882.4,1345,19227.4,16,55.58333333
2019-05-02,"14,443.98",21761.8,1376,23137.8,16,36.91666667
2019-05-03,"15,659.39",20630.2,1788,22418.2,18,41.875
2019-05-04,"14,814.34",24607.5,1310,25917.5,18,49.70833333
2019-05-05,"7,654.09",0,0,0,19,30.33333333
2019-05-06,"12,649.29",20574.6,1407.5,21982.1,14,65.33333333
2019-05-07,"12,166.89",23033,1952,24985,13,28.83333333
2019-05-08,"15,161.17",22983,1631,24614,16,35.79166667
2019-05-09,"15,360.80",22723,1824,24547,18,35.33333333
2019-05-10,"15,210.65",25777.2,1923,27700.2,18,45.95833333
2019-05-11,"9,331.33",0,0,0,19,48.08333333
2019-05-12,"5,217.50",0,0,0,18,49.33333333
2019-05-13,"13,168.47",20235.4,1334,21569.4,18,42
2019-05-14,"13,286.45",21603.2,1529,23132.2,20,56.66666667
2019-05-15,"14,744.00",20518.7,1867,22385.7,19,57.625
2019-05-16,"15,906.77",21337.2,1616.8,22954,21,55.29166667
2019-05-17,"14,740.39",20708.8,1672,22380.8,21,61.45833333
2019-05-18,"8,747.28",0,0,0,17,76.70833333
2019-05-19,"4,968.11",0,0,0,19,82.45833333
2019-05-20,"12,654.12",20463.6,1111,21574.6,16,52.79166667
2019-05-21,"15,321.18",23145.2,1580,24725.2,15,47.70833333
2019-05-22,"15,010.73",21951.6,1682,23633.6,17,44.91666667
2019-05-23,"15,740.83",20338.3,1833.9,22172.2,18,51.29166667
2019-05-24,"15,942.70",21089.4,2308,23397.4,22,57.875
2019-05-25,"7,259.86",0,0,0,23,42.20833333
2019-05-26,"4,416.33",0,0,0,22,50.83333333
2019-05-27,"12,738.24",20504.8,1532,22036.8,17,79
2019-05-28,"15,329.40",22370.8,1609,23979.8,18,41
2019-05-29,"15,695.06",21691.6,1640,23331.6,19,38.08333333
2019-05-30,"15,627.01",21168.2,1668.7,22836.9,20,51.33333333
2019-05-31,"15,487.48",25202.8,1952,27154.8,18,52.79166667
2019-06-01,"10,155.57",0,0,0,18,57.41666667
2019-06-02,"4,461.76",0,0,0,21,50.16666667
2019-06-03,"13,693.71",17281.4,1470,18751.4,21,58.5
2019-06-04,"16,100.23",19864.8,1773,21637.8,24,49.04166667
2019-06-05,"13,491.32",21320.8,1444,22764.8,24,53.375
2019-06-06,"16,020.64",18032.4,1458,19490.4,22,83.16666667
2019-06-07,"14,983.99",20941.6,1811,22752.6,18,77.875
2019-06-08,"15,362.33",21487.2,1889,23376.2,20,67.04166667
2019-06-09,"7,676.50",0,0,0,19,64.33333333
2019-06-10,"12,993.32",20479,1713.3,22192.3,18,64.95833333
2019-06-11,"15,767.71",22012.1,1709,23721.1,18,65.5
2019-06-12,"15,795.02",22116.2,1639,23755.2,19,71.45833333
2019-06-13,"16,522.80",22482.4,1695.6,24178,21,59
2019-06-14,"15,862.23",27171.6,1476.8,28648.4,19,77.125
2019-06-15,"10,338.18",0,0,0,20,73
2019-06-16,"4,953.58",0,0,0,20,69.75
2019-06-17,"13,402.80",20024.8,1312,21336.8,21,65.83333333
2019-06-18,"16,327.63",21033.2,1983,23016.2,20,66.375
2019-06-19,"16,196.85",22317.9,1558,23875.9,22,68.16666667
2019-06-20,"16,411.62",22686,1380,24066,24,59.25
2019-06-21,"16,329.85",22755.6,2476,25231.6,23,64.58333333
2019-06-22,"10,123.02",0,0,0,20,66.70833333
2019-06-23,"4,869.66",0,0,0,20,61.45833333
2019-06-24,"13,774.79",19706.2,1254,20960.2,22,65.54166667
2019-06-25,"16,128.39",21777.2,1805,23582.2,24,59.70833333
2019-06-26,"16,442.81",22704.2,1584.7,24288.9,20,86.875
2019-06-27,"16,290.65",20725,1848.8,22573.8,23,82.04166667
2019-06-28,"16,610.05",23509.2,2225,25734.2,23,81.5
2019-06-29,"10,818.75",0,0,0,21,89.41666667
2019-06-30,"5,457.41",0,0,0,23,69.54166667
2019-07-01,"13,148.89",20657.2,1208,21865.2,22,73.125
2019-07-02,"15,896.79",21698.8,1670,23368.8,22,66.125
2019-07-03,"16,386.03",20679.2,1817,22496.2,22,71.875
2019-07-04,"16,234.36",20214.8,1706,21920.8,24,64.20833333
2019-07-05,"15,955.85",22386.9,2492,24878.9,24,63.16666667
2019-07-06,"11,047.68",0,0,0,23,60.41666667
2019-07-07,"5,402.64",0,0,0,22,61.41666667
2019-07-08,"12,281.63",18544.5,1186,19730.5,20,69.95833333
2019-07-09,"15,903.56",21400.4,1462,22862.4,21,67.58333333
2019-07-10,"15,393.78",21442.8,1787,23229.8,20,86.66666667
2019-07-11,"15,691.39",20776.2,1959.9,22736.1,23,73.66666667
2019-07-12,"15,375.09",24180.9,2690,26870.9,22,71.83333333
2019-07-13,"8,535.80",0,0,0,23,73.91666667
2019-07-14,"5,037.71",0,0,0,24,72.125
2019-07-15,"13,269.52",15284.8,1406,16690.8,22,85.33333333
2019-07-16,"16,131.69",20993.2,1811,22804.2,23,75.08333333
2019-07-17,"15,930.34",22111.2,1693,23804.2,24,78.16666667
2019-07-18,"15,722.77",21515,1664,23179,23,78.04166667
2019-07-19,"15,917.64",19176.7,1642,20818.7,24,84.29166667
2019-07-20,"15,638.30",19581.4,1518,21099.4,23,97.375
2019-07-21,"7,527.62",0,0,0,24,89.79166667
2019-07-22,"13,890.73",18899.4,991,19890.4,25,73.125
2019-07-23,"16,698.12",20124.8,1747,21871.8,27,74.91666667
2019-07-24,"16,096.55",20908.8,1433,22341.8,26,81.70833333
2019-07-25,"15,746.52",21917.4,1382,23299.4,24,93.08333333
2019-07-26,"15,914.86",19738.5,2264,22002.5,25,89.91666667
2019-07-27,"8,878.68",0,0,0,26,83.33333333
2019-07-28,"6,251.86",0,0,0,25,86.95833333
2019-07-29,"13,512.04",19558.4,1182,20740.4,26,80.5
2019-07-30,"15,631.76",20206.4,1733,21939.4,26,77.95833333
2019-07-31,"16,210.46",20613.8,1988,22601.8,28,69.08333333
2019-08-01,"16,397.40",19917.6,1309,21226.6,28,69.625
2019-08-02,"16,029.56",21828.8,2064,23892.8,28,69.29166667
2019-08-03,"10,100.01",0,0,0,27,75.58333333
2019-08-04,"6,458.79",0,0,0,28,71.75
2019-08-05,"14,332.22",16011,1480,17491,28,71.75
2019-08-06,"15,584.78",18279.8,1388,19667.8,26,79.29166667
2019-08-07,"15,554.20",18637.2,1934,20571.2,25,82.58333333
2019-08-08,"15,687.81",19243,1188,20431,25,85.79166667
2019-08-09,"15,710.32",22807.9,2628,25435.9,26,77.20833333
2019-08-10,"11,472.32",0,0,0,27,70.375
2019-08-11,"5,848.92",0,0,0,27,71
2019-08-12,"13,502.77",19101.2,1233,20334.2,27,77.125
2019-08-13,"16,026.58",18837.4,1611,20448.4,28,69.375
2019-08-14,"15,782.46",18754.7,1373,20127.7,27,73.875
2019-08-15,"15,387.31",17011,1608,18619,26,78.75
2019-08-16,"13,611.49",17515.2,1848,19363.2,25,75.125
2019-08-17,"14,233.89",14309.6,1685,15994.6,25,68.79166667
2019-08-18,"6,669.23",0,0,0,23,68.08333333
2019-08-19,"12,745.13",17803.6,1537.9,19341.5,23,70.5
2019-08-20,"15,300.33",19958.8,1755,21713.8,24,69.45833333
2019-08-21,"15,337.58",18219.6,1920,20139.6,24,80.08333333
2019-08-22,"15,175.36",18828.8,2059,20887.8,24,76
2019-08-23,"15,142.81",25376.6,2557,27933.6,23,69.375
2019-08-24,"10,703.98",0,0,0,20,77.5
2019-08-25,"5,606.84",0,0,0,21,73.79166667
2019-08-26,"13,009.62",19353,1378,20731,23,72.33333333
2019-08-27,"15,567.23",21016.9,1828,22844.9,20,87.66666667
2019-08-28,"15,167.94",21197.9,1676,22873.9,22,84.79166667
2019-08-29,"15,252.67",21467.4,1204,22671.4,20,82.66666667
2019-08-30,"14,621.62",21526,1626,23152,21,64.33333333
2019-08-31,"14,776.84",18977.2,1876,20853.2,20,73.83333333
2019-09-01,"7,382.23",0,0,0,21,75.54166667
2019-09-02,"12,829.66",21170.2,1043,22213.2,21,83.29166667
2019-09-03,"15,190.76",20216.4,1960,22176.4,20,95.58333333
2019-09-04,"14,971.26",18727.4,1908,20635.4,22,91.75
2019-09-05,"15,957.47",21702.2,1807,23509.2,24,84.66666667
2019-09-06,"15,570.96",19348.4,1929,21277.4,25,78.16666667
2019-09-07,"15,908.30",29168.8,666,29834.8,25,79.875
2019-09-08,"10,364.87",0,0,0,24,79.54166667
2019-09-09,"13,632.63",19571.9,1480,21051.9,23,87.25
2019-09-10,"16,405.64",21639,1490,23129,25,82.08333333
2019-09-11,"15,579.38",25912.6,2359,28271.6,22,83.33333333
2019-09-12,"9,281.14",0,0,0,19,77.33333333
2019-09-13,"4,206.37",0,0,0,19,73.45833333
2019-09-14,"4,252.43",0,0,0,21,73.54166667
2019-09-15,"6,830.40",0,0,0,22,76.04166667
2019-09-16,"12,778.28",15747.2,1077,16824.2,20,69.25
2019-09-17,"14,985.14",21101.4,1293,22394.4,19,67.25
2019-09-18,"15,332.56",20562,2098,22660,20,65.41666667
2019-09-19,"15,235.71",20126.4,2191,22317.4,18,71.20833333
2019-09-20,"14,638.60",25567,3338,28905,17,71.83333333
2019-09-21,"10,054.14",0,0,0,16,96.41666667
2019-09-22,"4,827.71",0,0,0,15,81.54166667
2019-09-23,"11,344.69",15498.6,1010,16508.6,16,80.29166667
2019-09-24,"14,023.91",20479.2,1411,21890.2,15,72.79166667
2019-09-25,"14,340.64",22167.2,776,22943.2,17,73.91666667
2019-09-26,"14,672.98",21673.2,1685,23358.2,18,75.125
2019-09-27,"14,480.50",21063,1661,22724,20,70.58333333
2019-09-28,"14,773.03",24752.6,1187,25939.6,22,78.45833333
2019-09-29,"7,426.80",0,0,0,20,72.75
2019-09-30,"13,063.75",17753.2,1189,18942.2,19,71.70833333
2019-10-01,"15,717.71",18956.2,1731,20687.2,21,85.16666667
2019-10-02,"15,762.33",20158.8,1619,21777.8,20,93.125
2019-10-03,"15,316.84",16927.8,1629,18556.8,20,79.79166667
2019-10-04,"14,378.76",20544,1787,22331,20,76.875
2019-10-05,"14,764.12",19061.6,528,19589.6,19,75.375
2019-10-06,"6,488.97",0,0,0,14,74.75
2019-10-07,"11,744.38",20897.8,721,21618.8,14,82.20833333
2019-10-08,"14,659.39",21092.4,1533,22625.4,14,62.25
2019-10-09,"13,779.31",22912.4,1108.5,24020.9,12,68.66666667
2019-10-10,"13,717.74",20423.1,1029,21452.1,12,74.33333333
2019-10-11,"12,778.25",24065,1493,25558,15,60.41666667
2019-10-12,"7,060.46",0,0,0,16,65.91666667
2019-10-13,"4,434.06",0,0,0,13,73.33333333
2019-10-14,"11,750.38",17047.2,1283,18330.2,14,69.29166667
2019-10-15,"7,473.01",20881,1802,22683,12,78
2019-10-16,"5,913.75",20961.8,1443,22404.8,10,77.95833333
2019-10-17,"13,772.99",20055.8,1537,21592.8,12,73.25
2019-10-18,"6,905.46",19322.2,1912,21234.2,14,78.20833333
2019-10-19,"5,829.69",20272.2,2182,22454.2,15,73.125
2019-10-20,"3,888.27",0,0,0,13,75.79166667
2019-10-21,"11,049.37",19413.4,1591,21004.4,13,72.75
2019-10-22,"14,303.89",21043.3,1816,22859.3,14,73
2019-10-23,"7,659.74",21352.8,1784,23136.8,13,73.58333333
2019-10-24,"8,961.98",21775.8,1820.3,23596.1,16,58.29166667
2019-10-25,"14,681.66",20937.4,1560,22497.4,17,57.75
2019-10-26,"13,992.13",20675,1791,22466,11,57.875
2019-10-27,"6,582.35",0,0,0,9,65.91666667
2019-10-28,"11,576.47",18845,1121,19966,8,69.83333333
2019-10-29,"14,216.03",20355,1649,22004,11,62.54166667
2019-10-30,"14,109.19",20255.2,2116,22371.2,10,62.91666667
2019-10-31,"13,970.41",22307.8,1438.3,23746.1,12,61.83333333
2019-11-01,"14,181.72",21027.4,1695,22722.4,14,71.625
2019-11-02,"10,831.82",0,2168,2168,13,77.5
2019-11-03,"7,174.13",0,0,0,12,80.29166667
2019-11-04,"11,512.71",19327.6,1412,20739.6,10,73.75
2019-11-05,"13,812.17",19121.6,1811,20932.6,9,70.625
2019-11-06,"13,528.58",20372.6,1740,22112.6,10,54.79166667
2019-11-07,"13,551.25",20082.2,2013,22095.2,10,60.45833333
2019-11-08,"13,162.02",22718.2,1783,24501.2,6,55.33333333
2019-11-09,"9,701.42",0,1448,1448,7,55.125
2019-11-10,"3,857.01",0,0,0,6,73.66666667
2019-11-11,"10,919.05",18796,1098,19894,10,73.08333333
2019-11-12,"11,864.61",15506.6,1335,16841.6,8,75.29166667
2019-11-13,"13,352.89",20270,1734,22004,6,58.95833333
2019-11-14,"12,946.32",20161,1758.8,21919.8,0,54
2019-11-15,"12,476.60",25583.6,1077,26660.6,1,78.54166667
2019-11-16,"9,801.07",0,2609,2609,7,79.20833333
2019-11-17,"4,616.81",0,0,0,6,89.125
2019-11-18,"11,002.70",17508,1355,18863,7,48.83333333
2019-11-19,"12,617.54",20978.8,1579,22557.8,2,46.25
2019-11-20,"9,569.29",20282.2,1399,21681.2,1,53.91666667
2019-11-21,"9,936.17",22221.8,1696.4,23918.2,1,55.08333333
2019-11-22,"13,068.03",20883.8,2160,23043.8,7,72.875
2019-11-23,"12,972.47",18944.1,1795,20739.1,8,73.625
2019-11-24,"6,222.33",0,0,0,11,63.25
2019-11-25,"10,782.00",21677.7,653,22330.7,6,72.33333333
2019-11-26,"12,248.99",22645,1206,23851,6,68.91666667
2019-11-27,"12,276.24",21547.8,1490,23037.8,6,61.54166667
2019-11-28,"12,931.05",22369.4,1520,23889.4,4,73.33333333
2019-11-29,"12,472.34",20907.4,1527,22434.4,2,64.04166667
2019-11-30,"11,879.02",20683.2,1545,22228.2,4,56
2019-12-01,"5,406.10",0,0,0,6,75.33333333
2019-12-02,"9,983.00",17689.6,1257.7,18947.3,2,49.75
2019-12-03,"12,092.67",21150.6,1483,22633.6,1,66.5
2019-12-04,"12,339.00",20090.4,1597,21687.4,4,46.625
2019-12-05,"11,897.10",20963.2,1427,22390.2,-1,45.04166667
2019-12-06,"12,020.99",20453.6,1669,22122.6,-4,45.16666667
2019-12-07,"8,173.79",0,0,0,-3,74.66666667
2019-12-08,"3,093.15",0,0,0,-2,68.29166667
2019-12-09,"10,155.98",20355.6,1128,21483.6,-2,77.41666667
2019-12-10,"12,386.89",19357,1698,21055,1,85.16666667
2019-12-11,"12,388.03",20222.7,1748,21970.7,3,59.875
2019-12-12,"12,226.98",20982.8,1892.8,22875.6,0,51.20833333
2019-12-13,"12,109.96",22082,2123,24205,-2,60.58333333
2019-12-14,"9,264.97",0,0,0,2,71.08333333
2019-12-15,"3,188.88",0,0,0,2,80.91666667
2019-12-16,"10,425.97",20300.2,1500,21800.2,3,80.29166667
2019-12-17,"12,292.87",21775,1625,23400,6,76
2019-12-18,"13,194.57",20190.8,1836,22026.8,5,66.875
2019-12-19,"12,410.31",20581.8,1810,22391.8,2,46.08333333
2019-12-20,"10,947.68",22676.8,2378,25054.8,0,53.5
2019-12-21,"5,328.48",0,0,0,-1,69.625
2019-12-22,"3,011.36",0,0,0,-1,77.29166667
2019-12-23,"10,325.48",18155,1254,19409,2,73.5
2019-12-24,"11,509.39",22347.2,2124,24471.2,-1,70.375
2019-12-25,"6,237.24",0,0,0,0,53.41666667
2019-12-26,"9,912.61",18782.4,1351,20133.4,1,72.25
2019-12-27,"11,454.52",19743.4,2191,21934.4,-1,54.75
2019-12-28,"5,809.43",0,0,0,-2,68.66666667
2019-12-29,"3,188.28",0,0,0,0,85.95833333
2019-12-30,"9,887.98",19825.1,1378,21203.1,3,70.16666667
2019-12-31,"11,613.60",20767.2,2136,22903.2,-6,50.04166667
2020-01-01,,0,0,0,-1,63.33333333
2020-01-02,"9,734.18",19163,1328,20491,1,62.58333333
2020-01-03,"12,497.59",19560,2252,21812,2,53.75
2020-01-04,"5,535.16",0,0,0,0,64.91666667
2020-01-05,"2,510.49",0,0,0,-2,65.33333333
2020-01-06,"9,858.52",16820.7,1418,18238.7,1,89.83333333
2020-01-07,"12,762.48",18176.4,1892,20068.4,7,91.79166667
2020-01-08,"12,428.68",20854.2,1829,22683.2,5,78.29166667
2020-01-09,"11,985.54",19796.6,1698,21494.6,0,73.70833333
2020-01-10,"12,480.92",23642.75,2314,25956.75,0,64.45833333
2020-01-11,"7,935.11",0,0,0,0,59.83333333
2020-01-12,"2,737.51",0,0,0,0,59.125
2020-01-13,"9,486.78",16044.2,1330,17374.2,-1,53.625
2020-01-14,"12,359.36",20197.43,2062,22259.43,-1,51.5
2020-01-15,"12,017.88",19648.1,2106,21754.1,-1,54.45833333
2020-01-16,"11,850.42",20193.93,1830,22023.93,-2,56.41666667
2020-01-17,"12,098.18",22433.29,1692,24125.29,-1,63.25
2020-01-18,"11,469.72",20960.1,972,21932.1,1,46.79166667
2020-01-19,"4,954.63",0,0,0,2,62.66666667
2020-01-20,"9,347.11",18741.4,1110,19851.4,2,53
2020-01-21,"12,264.44",19436.8,1050,20486.8,-2,55.75
2020-01-22,"12,309.74",20136.8,1388,21524.8,1,61.125
2020-01-23,"11,598.11",20140.2,2250,22390.2,3,89.91666667
2020-01-24,"4,544.15",0,0,0,3,79.04166667
2020-01-25,"2,628.48",0,0,0,4,84.58333333
2020-01-26,"3,195.45",0,0,0,4,67.54166667
2020-01-27,"9,374.59",17456,857,18313,6,72.54166667
2020-01-28,"12,175.83",19925.4,1635,21560.4,6,71.58333333
2020-01-29,"12,129.62",21184.4,1720,22904.4,3,71.45833333
2020-01-30,"12,237.49",20865,1714,22579,3,81.66666667
2020-01-31,"11,734.31",20344,2325,22669,2,70.95833333
2020-02-01,"4,475.30",0,0,0,3,71.20833333
2020-02-02,"2,506.36",0,0,0,2,55.08333333
2020-02-03,"9,973.70",10693.2,1222,11915.2,1,49.625
2020-02-04,"10,859.53",15074,1675,16749,-1,50.41666667
2020-02-05,"10,407.22",14516.4,1220,15736.4,-5,44.04166667
2020-02-06,"10,479.00",15080,1838,16918,-6,60.33333333
2020-02-07,"10,508.64",17907.8,1290,19197.8,-2,50.54166667
2020-02-08,"5,781.32",0,0,0,1,54.875
2020-02-09,"2,186.40",0,0,0,-1,52.83333333
2020-02-10,"9,044.76",13978.4,1138,15116.4,3,59.125
2020-02-11,"10,694.00",15384.4,1606,16990.4,3,53.375
2020-02-12,"10,559.79",15782.6,1356,17138.6,5,95.75
2020-02-13,"10,972.73",16648.2,1438,18086.2,9,76.29166667
2020-02-14,"11,387.34",16084.4,2557,18641.4,6,74
2020-02-15,"5,690.83",0,0,0,8,78.41666667
2020-02-16,"3,349.21",0,0,0,1,71.79166667
2020-02-17,"8,916.28",11873.2,1133,13006.2,-5,60.29166667
2020-02-18,"11,206.28",17090.6,1408,18498.6,-3,53.5
2020-02-19,"10,927.17",17132.8,1441,18573.8,1,60.625
2020-02-20,"11,650.95",16641.8,1559,18200.8,3,62.125
2020-02-21,"11,404.50",19172.2,1509,20681.2,5,59.70833333
2020-02-22,"6,608.45",0,0,0,5,50.41666667
2020-02-23,"2,689.84",0,0,0,3,53.25
2020-02-24,"9,563.59",14295,994,15289,5,50.29166667
2020-02-25,"11,392.45",15493,1637,17130,5,97.66666667
2020-02-26,"11,552.45",18455.2,813,19268.2,6,80.33333333
2020-02-27,"11,683.57",17901.6,1339,19240.6,3,81.75
2020-02-28,"11,737.38",20879,1871,22750,2,96.54166667
2020-02-29,"7,498.60",0,3336,3336,5,83.125
2020-03-01,"3,211.22",0,0,0,7,82.77272727
2020-03-02,,13020.8,1807,14827.8,4,69.16666667
2020-03-03,98.06,15114,2212,17326,5,66.16666667
2020-03-04,"11,105.21",16397.8,2343,18740.8,3,64.66666667
2020-03-05,"11,587.88",16319,2127,18446,2,51.66666667
2020-03-06,"11,171.91",22821.2,2956,25777.2,2,56.5
2020-03-07,"8,621.88",0,0,0,5,49.83333333
2020-03-08,"2,476.17",0,0,0,7,66.45833333
2020-03-09,"9,572.89",16896.4,1709,18605.4,8,65
2020-03-10,"11,522.25",17086.2,2086,19172.2,8,70.625
2020-03-11,"11,129.61",18045.2,1319,19364.2,4,74.91666667
2020-03-12,"11,405.03",18104.8,1755,19859.8,7,52.20833333
2020-03-13,"11,368.11",19073.2,1657,20730.2,8,39.25
2020-03-14,"4,788.00",0,0,0,4,36.16666667
2020-03-15,484.58,0,0,0,5,45.625
2020-03-16,568.58,13736.7,1573,15309.7,5,48.25
2020-03-17,"5,830.02",16625,520,17145,6,42.04166667
2020-03-18,"7,000.73",17051.2,513,17564.2,8,68.79166667
2020-03-19,"8,546.69",16867.6,1647,18514.6,7,51.25
2020-03-20,"8,726.85",19591.8,2065,21656.8,9,45.41666667
2020-03-21,"5,276.10",0,0,0,14,33.75
2020-03-22,786.1,0,0,0,13,50.375
2020-03-23,"2,635.30",16396.3,1377,17773.3,8,53.58333333
2020-03-24,"4,261.91",16862.6,1648,18510.6,8,52
2020-03-25,"3,357.04",16596.4,1464,18060.4,10,58.16666667
2020-03-26,835.46,17865.5,1299,19164.5,12,52.54166667
2020-03-27,,21991.4,1598,23589.4,12,81.33333333
2020-03-28,,0,0,0,7,70.91666667
2020-03-29,"1,580.26",0,0,0,7,67.79166667
2020-03-30,"4,530.53",15401.6,1228,16629.6,9,71.29166667
2020-03-31,,17687.5,1390,19077.5,11,64.625
2020-04-01,"12,314.55",17646.6,1329,18975.6,12,43.86363636
2020-04-02,"12,004.07",15424.2,1846,17270.2,10,50.45833333
2020-04-03,"12,159.53",24460.5,1360,25820.5,11,27.41666667
2020-04-04,"7,032.50",0,0,0,9,28.04166667
2020-04-05,"2,810.93",0,0,0,6,55.375
2020-04-06,"9,486.07",14976.4,1452,16428.4,9,40.33333333
2020-04-07,"12,599.86",16650.8,1744,18394.8,12,29.5
2020-04-08,"12,581.70",17944.8,1769,19713.8,9,43.25
2020-04-09,"12,189.67",19956.1,1806,21762.1,7,45.95833333
2020-04-10,"12,238.60",26400.4,2200,28600.4,9,52.375
2020-04-11,"9,381.61",0,0,0,10,52.75
2020-04-12,"2,929.55",0,0,0,7,53.54166667
2020-04-13,"9,515.48",14803.2,1385,16188.2,9,55.875
2020-04-14,"11,761.41",18333.2,1356,19689.2,11,46.125
2020-04-15,"12,760.46",21547.8,1975,23522.8,13,28
2020-04-16,"12,843.43",21313.6,1616,22929.6,12,49.875
2020-04-17,"12,555.98",29122.6,1518,30640.6,9,61
2020-04-18,"10,351.79",0,0,0,11,89.79166667
2020-04-19,"3,106.75",0,0,0,10,73.91666667
2020-04-20,"11,001.59",18930,1120,20050,10,82.41666667
2020-04-21,"12,446.41",20311.4,2078,22389.4,8,64.79166667
2020-04-22,"12,498.60",22133,1571,23704,6,39.75
2020-04-23,"12,420.19",21415.2,1653,23068.2,8,49.45833333
2020-04-24,"13,199.39",21063.3,1974,23037.3,10,43.91666667
2020-04-25,"13,062.86",17677.2,1442,19119.2,12,43.375
2020-04-26,"5,692.31",0,0,0,12,47.25
2020-04-27,"10,556.58",20942.2,1135,22077.2,10,58.58333333
2020-04-28,"12,910.69",20998.5,1411,22409.5,13,58.04166667
2020-04-29,"13,432.07",23053.2,1261,24314.2,16,36.70833333
2020-04-30,"12,038.44",16963.4,1157,18120.4,19,36.54166667
2020-05-01,"3,649.24",0,0,0,22,56.18181818
2020-05-02,"2,849.50",0,0,0,22,56.04166667
2020-05-03,"3,391.96",0,0,0,17,67.66666667
2020-05-04,"10,829.98",18761.1,1386,20147.1,19,94
2020-05-05,"13,064.53",17066.4,1548,18614.4,15,66.75
2020-05-06,"11,971.08",22158.8,1324,23482.8,16,88.125
2020-05-07,"13,101.87",20061.2,1533,21594.2,15,61
2020-05-08,"13,352.25",20592.6,1457,22049.6,17,46.45833333
2020-05-09,"12,962.22",16335.1,1139,17474.1,15,64.75
2020-05-10,"4,672.68",0,0,0,16,93.45833333
2020-05-11,"11,661.63",19163.6,1004,20167.6,18,76.16666667
2020-05-12,"13,089.29",16169.1,1086,17255.1,16,48.83333333
2020-05-13,"12,745.20",16824.7,1272,18096.7,17,54.58333333
2020-05-14,"12,938.97",15419.2,1526,16945.2,17,45.29166667
2020-05-15,"12,933.42",16398.4,1162,17560.4,14,57.75
2020-05-16,"6,540.10",0,0,0,18,97.5
2020-05-17,"4,297.16",0,0,0,20,79.66666667
2020-05-18,"11,408.54",16397.7,358,16755.7,18,80.04166667
2020-05-19,"13,248.11",17226.4,1193,18419.4,13,78.08333333
2020-05-20,"12,851.20",18649.6,1280,19929.6,12,72.375
2020-05-21,"13,195.39",18671.6,1463,20134.6,14,77.54166667
2020-05-22,"13,134.72",17428.4,1388,18816.4,16,70.79166667
2020-05-23,"6,195.72",0,0,0,17,78.79166667
2020-05-24,"3,720.15",0,0,0,18,70.66666667
2020-05-25,"11,189.75",15628.4,757,16385.4,18,71.54166667
2020-05-26,"13,557.07",17485.4,1986,19471.4,19,75.125
2020-05-27,"13,893.87",18637.6,1545,20182.6,19,62
2020-05-28,"13,585.95",17265.8,1498,18763.8,18,61.04166667
2020-05-29,"13,811.65",20701.2,1854,22555.2,18,63.58333333
2020-05-30,"9,127.78",0,0,0,19,66.33333333
2020-05-31,"4,046.88",0,0,0,21,61.33333333
2020-06-01,"11,135.46",16462.4,1550,18012.4,21,59.40909091
2020-06-02,"13,596.05",18257.2,1508,19765.2,19,47.75
2020-06-03,"15,027.73",18737,1719,20456,22,60.70833333
2020-06-04,"14,990.49",18305.2,1713,20018.2,24,68
2020-06-05,"10,201.83",19798.8,2117,21915.8,25,59.58333333
2020-06-06,"4,986.27",0,0,0,21,62.08333333
2020-06-07,"4,388.88",0,0,0,21,57.75
2020-06-08,"12,941.61",15595.2,1220,16815.2,25,67.83333333
2020-06-09,"15,251.08",18306.4,1672,19978.4,27,65.41666667
2020-06-10,"14,533.74",18126.9,1456,19582.9,25,61.70833333
2020-06-11,"15,082.75",16008.6,1880,17888.6,25,71.75
2020-06-12,"14,670.92",16850.4,1611,18461.4,23,77.125
2020-06-13,"8,595.50",0,0,0,24,88.25
2020-06-14,"5,012.15",0,0,0,24,76.08333333
2020-06-15,"12,190.55",16720.8,1311,18031.8,23,71.04166667
2020-06-16,"15,035.29",17553.8,1373,18926.8,22,55.58333333
2020-06-17,"14,711.16",18909,1277,20186,22,66.25
2020-06-18,"14,561.30",17480.8,1345,18825.8,20,70.70833333
2020-06-19,"14,452.13",19274.2,1545,20819.2,21,81.04166667
2020-06-20,"7,545.38",0,0,0,22,73.125
2020-06-21,"4,883.45",0,0,0,23,79.70833333
2020-06-22,"12,931.14",18563.3,758,19321.3,24,72
2020-06-23,"14,883.50",18626.6,971,19597.6,25,68
2020-06-24,"14,833.48",18568.2,988,19556.2,21,61.70833333
2020-06-25,"14,739.11",19124,980,20104,21,89.33333333
2020-06-26,"14,251.57",19094.6,1843,20937.6,22,92.45833333
2020-06-27,"8,245.79",0,0,0,22,76.04166667
2020-06-28,"4,776.31",0,0,0,23,79.41666667
2020-06-29,"12,293.14",17497.7,1245,18742.7,21,75.91666667
2020-06-30,"14,400.29",19994.8,1079,21073.8,20,88.79166667
2020-07-01,"14,491.84",18103.4,1430,19533.4,19,82.86363636
2020-07-02,"14,759.70",17741.8,1004,18745.8,22,86
2020-07-03,"14,336.65",17180.56,1064,18244.56,20,71.125
2020-07-04,"7,011.74",0,0,0,21,82.875
2020-07-05,"4,720.52",0,0,0,21,80.20833333
2020-07-06,"12,587.55",17595.5,967,18562.5,23,81.66666667
2020-07-07,"14,788.48",19171.7,934,20105.7,24,82.33333333
2020-07-08,"15,013.59",18261.4,1576,19837.4,24,78.08333333
2020-07-09,"15,723.88",20549.7,1422,21971.7,25,73.91666667
2020-07-10,"15,179.73",17691.6,1869,19560.6,23,73.33333333
2020-07-11,"8,268.82",0,0,0,25,85.29166667
2020-07-12,"4,973.42",0,0,0,20,77.5
2020-07-13,"12,005.70",14606,1227,15833,18,91.79166667
2020-07-14,"14,778.55",18422.4,983,19405.4,19,96.95833333
2020-07-15,"15,088.50",18862,1730,20592,19,92.625
2020-07-16,"15,181.27",19417.5,1542,20959.5,22,87.625
2020-07-17,"14,936.76",18282.6,1895,20177.6,22,83.20833333
2020-07-18,"7,533.89",0,0,0,22,82.20833333
2020-07-19,"5,130.61",0,0,0,21,79.41666667
2020-07-20,"13,638.22",18870,996,19866,25,92.29166667
2020-07-21,"16,000.79",17497.5,1443,18940.5,25,79.75
2020-07-22,"15,491.87",18859.4,1406,20265.4,22,81
2020-07-23,"14,730.57",17023.6,1690,18713.6,20,97.58333333
2020-07-24,"11,013.11",19596.1,1108,20704.1,20,97.70833333
2020-07-25,"7,204.28",0,0,0,22,98.375
2020-07-26,"5,303.96",0,0,0,22,93.5
2020-07-27,"12,955.27",17366.6,921,18287.6,22,94.25
2020-07-28,"15,054.59",19588.6,1041,20629.6,22,94.08333333
2020-07-29,"15,916.09",19773,731,20504,22,97
2020-07-30,"15,875.29",19502.6,929,20431.6,22,99
2020-07-31,"15,922.89",19953,1956,21909,25,98.25
2020-08-01,"7,941.10",0,0,0,25,84.45454545
2020-08-02,"4,851.14",0,0,0,24,90.41666667
2020-08-03,"12,680.17",15724,829,16553,24,94.33333333
2020-08-04,"15,995.54",17324.8,1632,18956.8,24,95.625
2020-08-05,"15,945.99",18416.8,1251,19667.8,24,90.625
2020-08-06,"15,469.42",18896,1179,20075,24,97.08333333
2020-08-07,"14,458.35",16518.8,1687,18205.8,21,90.91666667
2020-08-08,"7,644.53",0,0,0,22,98.58333333
2020-08-09,"5,430.92",0,0,0,24,99.75
2020-08-10,"12,733.24",18258.4,1075,19333.4,24,93.41666667
2020-08-11,"15,429.96",17456,1262,18718,24,98.125
2020-08-12,"16,226.28",19242,1567,20809,25,96.5
2020-08-13,"15,779.33",17334.4,1966,19300.4,27,94.5
2020-08-14,"11,258.64",16397.9,1829,18226.9,27,86.16666667
2020-08-15,"4,737.75",0,0,0,26,81.5
2020-08-16,"4,194.14",0,0,0,26,90.83333333
2020-08-17,"13,395.03",15228,1029,16257,27,79.25
2020-08-18,"15,940.52",19189.4,1385,20574.4,26,82.33333333
2020-08-19,"16,205.69",19323,712,20035,26,78.45833333
2020-08-20,"16,343.61",19123.2,1953,21076.2,26,75.16666667
2020-08-21,"15,075.40",18224.5,2014,20238.5,26,82.70833333
2020-08-22,"8,237.37",0,0,0,24,78.70833333
2020-08-23,"2,498.42",0,0,0,24,89.83333333
2020-08-24,"12,044.05",19301,1370,20671,25,80.45833333
2020-08-25,"15,690.23",19834.4,1930,21764.4,27,82.875
2020-08-26,"15,481.37",19826.8,1729,21555.8,27,80.625
2020-08-27,"15,191.24",19316.6,1590,20906.6,26,85.33333333
2020-08-28,"14,349.78",18825.2,1483,20308.2,27,94.625
2020-08-29,"8,799.31",0,0,0,26,90
2020-08-30,"5,273.39",0,0,0,25,92.08333333
2020-08-31,"12,179.90",17534.3,987,18521.3,23,91.45833333
2020-09-01,"14,457.09",16790,1725,18515,23,91.27272727
2020-09-02,"14,736.66",15935.9,1758,17693.9,24,89.08333333
2020-09-03,"14,516.97",16452.4,1534,17986.4,23,91.08333333
2020-09-04,"14,201.38",21459.9,1783,23242.9,20,80.20833333
2020-09-05,"7,846.04",0,0,0,19,80.66666667
2020-09-06,"2,969.06",0,0,0,19,87.875
2020-09-07,"11,717.50",19531.9,1318,20849.9,21,86.70833333
2020-09-08,"14,702.24",16679.4,1742,18421.4,22,78.66666667
2020-09-09,"14,286.99",16759.7,1418,18177.7,20,82.625
2020-09-10,"14,042.84",18469,1780,20249,20,86.375
2020-09-11,"14,226.25",23842.1,1691,25533.1,20,88.41666667
2020-09-12,"10,448.22",0,0,0,19,85.79166667
2020-09-13,"3,278.97",0,0,0,19,84.04166667
2020-09-14,"11,328.62",19173.4,891,20064.4,19,82.375
2020-09-15,"14,412.84",19837.2,1959,21796.2,20,83.5
2020-09-16,"14,946.53",20491.6,1420,21911.6,20,80.75
2020-09-17,"14,490.78",19105.8,1929,21034.8,19,92.91666667
2020-09-18,"14,581.44",20592.95,1567,22159.95,19,78.54166667
2020-09-19,"12,172.17",15563.9,1554,17117.9,16,75.33333333
2020-09-20,"4,232.72",0,0,0,17,77.29166667
2020-09-21,"10,252.63",19965.55,1200,21165.55,15,73.5
2020-09-22,"13,437.27",20803.8,1911,22714.8,16,76.83333333
2020-09-23,"13,003.87",21476.6,1597,23073.6,16,77.70833333
2020-09-24,"14,082.54",21099.95,1356,22455.95,17,76.79166667
2020-09-25,"13,589.76",21564.5,1157,22721.5,17,76.875
2020-09-26,"12,666.39",21173.35,466,21639.35,17,75
2020-09-27,"4,802.85",0,0,0,16,77.04166667
2020-09-28,"11,448.48",20244.05,997,21241.05,15,81.16666667
2020-09-29,"12,150.38",16839.9,1197,18036.9,16,81.58333333
2020-09-30,"4,117.01",0,0,0,17,78.20833333
2020-10-01,"3,603.16",0,0,0,17,79.54545455
2020-10-02,"3,568.66",0,0,0,19,79.08333333
2020-10-03,"3,931.59",0,0,0,16,79.375
2020-10-04,"5,106.53",0,0,0,17,91.41666667
2020-10-05,"9,750.75",14454.45,1078,15532.45,13,62
2020-10-06,"12,434.97",18290.9,1583,19873.9,11,68.16666667
2020-10-07,"12,934.65",20281.8,1044,21325.8,14,69.16666667
2020-10-08,"13,207.93",22151.4,1140,23291.4,13,77.70833333
2020-10-09,"13,255.54",22158.45,2022,24180.45,14,68.25
2020-10-10,"9,115.23",0,0,0,14,73.83333333
2020-10-11,"3,536.04",0,0,0,13,76.58333333
2020-10-12,"10,693.06",19836.95,1468,21304.95,15,83.375
2020-10-13,"13,132.59",20303.7,1891,22194.7,12,76.125
2020-10-14,"13,099.22",20552.9,1466,22018.9,11,73.625
2020-10-15,"12,594.40",19940.25,1638,21578.25,11,67.41666667
2020-10-16,"12,926.15",21958.05,1289,23247.05,10,65.70833333
2020-10-17,"10,863.64",19402.1,0,19402.1,11,78.29166667
2020-10-18,"4,417.37",0,0,0,10,73.79166667
2020-10-19,"10,371.09",17013.3,1397,18410.3,11,74.16666667
2020-10-20,"12,338.42",18853.3,1620,20473.3,11,72.70833333
2020-10-21,"12,676.97",18473.4,1573,20046.4,10.4,74.33333333
2020-10-22,"12,413.88",20939.6,1744,22683.6,10.9,89.54166667
2020-10-23,"11,398.33",18988.7,1616,20604.7,9,63.625
2020-10-24,"5,278.30",0,0,0,8.8,47.25
2020-10-25,"3,474.87",0,0,0,12.9,45.04166667
2020-10-26,"10,146.06",17949.05,962,18911.05,10.2,63
2020-10-27,"12,112.12",19436,1149,20585,11.1,69.04166667
2020-10-28,"12,512.53",18405.95,1107,19512.95,14.5,62.29166667
2020-10-29,"12,203.38",19529.7,922,20451.7,8.7,55.41666667
2020-10-30,"11,284.34",17855.1,966,18821.1,9,60.91666667
2020-10-31,"5,122.59",0,0,0,8.6,73.04166667
2020-11-01,"3,363.27",0,0,0,9.8,78.90909091
2020-11-02,"9,841.42",17443.8,1282,18725.8,8.6,93.70833333
2020-11-03,"11,278.82",19151.45,947,20098.45,5.6,57.5
2020-11-04,"10,931.48",18230.2,1090,19320.2,3.7,40.08333333
2020-11-05,"10,324.41",17388.3,1178,18566.3,5.8,44.04166667
2020-11-06,"11,417.97",18814.3,1714,20528.3,9.8,59.83333333
2020-11-07,"5,732.83",0,0,0,12,69.29166667
2020-11-08,"3,064.38",0,0,0,10.3,52.91666667
2020-11-09,"9,755.53",19118.3,597,19715.3,6.3,31.375
2020-11-10,"11,447.40",17710.2,1238,18948.2,7.1,43.625
2020-11-11,"11,007.69",17584.2,1269,18853.2,4.7,53.25
2020-11-12,"11,133.60",17333.4,1394,18727.4,5.9,61.375
2020-11-13,"11,602.24",17614.65,1210,18824.65,7.8,58.33333333
2020-11-14,"10,041.79",17369.35,0,17369.35,8.5,73.41666667
2020-11-15,"4,296.63",0,0,0,9.4,77.04166667
2020-11-16,"9,578.22",17140.4,990,18130.4,9.3,70.5
2020-11-17,"11,380.60",17233.35,1382,18615.35,12.7,73.25
2020-11-18,"12,685.99",17554.3,1484,19038.3,15.3,88
2020-11-19,"12,803.59",18516.6,1807,20323.6,14.8,94.70833333
2020-11-20,"11,635.05",19349.85,1187,20536.85,4.9,79.25
2020-11-21,"5,119.42",0,0,0,4.6,82.95833333
2020-11-22,"2,843.92",0,0,0,6.8,80.08333333
2020-11-23,"9,561.00",15811.85,968,16779.85,3,69.5
2020-11-24,"11,046.84",19339.4,1149,20488.4,2.6,60.25
2020-11-25,"11,048.18",19872.35,734,20606.35,4.2,70.125
2020-11-26,"11,682.02",19154.8,1467,20621.8,5.1,65.08333333
2020-11-27,"11,836.93",21203.45,1399,22602.45,5.3,68.04166667
2020-11-28,"5,281.87",0,0,0,1.1,57.20833333
2020-11-29,"2,946.96",0,0,0,1.3,49.04166667
2020-11-30,"9,608.94",17958.8,1397,19355.8,1.1,55.79166667
2020-12-01,"10,890.27",21338.55,962,22300.55,-0.3,54.13636364
2020-12-02,"11,302.76",22568.8,1625,24193.8,1.9,53.125
2020-12-03,"11,840.74",20299,1560,21859,2.1,44.95833333
2020-12-04,"11,208.35",23880.7,1428,25308.7,-0.9,51.95833333
2020-12-05,"4,568.78",0,0,0,1,51
2020-12-06,"2,982.57",0,0,0,3.1,61.04166667
2020-12-07,"9,953.68",17080.7,1092,18172.7,2.6,65.125
2020-12-08,"11,317.82",21840.85,1553,23393.85,0,50.75
2020-12-09,"11,500.76",19303.8,1131,20434.8,-1.2,49.16666667
2020-12-10,"11,738.80",19704.1,1393,21097.1,4,46.25
2020-12-11,"11,194.51",20264.8,1440,21704.8,3.9,72.5
2020-12-12,"4,302.95",0,0,0,3.9,58.83333333
2020-12-13,"3,265.17",0,0,0,-1.5,45.79166667
2020-12-14,"9,621.43",19676.4,1140,20816.4,-7.1,72.54166667
2020-12-15,"11,484.06",21412.9,1774,23186.9,-8.2,43.70833333
2020-12-16,"11,355.34",20398.6,1386,21784.6,-7.5,38.125
2020-12-17,"11,482.47",20737.36,1499,22236.36,-6.8,39.95833333
2020-12-18,"11,137.91",21639.05,1265,22904.05,,50.75
2020-12-19,"4,555.20",0,0,0,-4.2,55.95833333
2020-12-20,"2,912.44",0,0,0,-2.9,42.125
2020-12-21,"9,740.27",18494.3,1049,19543.3,-1.9,47.04166667
2020-12-22,"11,696.44",23594.75,1854,25448.75,-1.3,66
2020-12-23,"11,630.13",22456.35,1429,23885.35,0.8,77.41666667
2020-12-24,"11,798.41",21933.9,1536,23469.9,2.3,75.5
2020-12-25,"5,864.58",0,0,0,-1,49.08333333
2020-12-26,"2,922.42",0,0,0,-0.9,52.04166667
2020-12-27,"3,425.10",0,0,0,-0.7,80.16666667
2020-12-28,"9,984.05",23183.4,977,24160.4,1.7,84.54166667
2020-12-29,"11,929.42",21898.6,1582,23480.6,0.4,79.83333333
2020-12-30,"11,838.01",21931.8,1542,23473.8,-8.7,66.33333333
2020-12-31,"11,358.69",22490.3,1257,23747.3,-8.4,49.16666667
2021-01-01,"5,258.19",,,,-3.8,57.91666667
2021-01-02,"4,104.38",,,,-3.4,36.79166667
2021-01-03,"4,101.10",,,,-4,45.70833333
2021-01-04,"10,071.28",,,,-3.1,51.79166667
2021-01-05,"10,953.73",,,,-3.1,41.20833333
2021-01-06,"11,292.95",,,,-7.7,45.70833333
2021-01-07,"11,629.70",,,,-12.6,36.91666667
2021-01-08,"11,351.84",,,,-12.9,40
2021-01-09,"5,700.63",,,,-10.8,47.91666667
2021-01-10,"4,408.61",,,,-7.9,55.125
2021-01-11,"10,330.85",,,,-8.4,68
2021-01-12,"11,767.78",,,,-5.5,67.625
2021-01-13,"11,727.41",,,,2.6,57.91666667
2021-01-14,"11,210.15",,,,1.4,53.54166667
2021-01-15,"12,498.26",,,,2.6,60.875
2021-01-16,"5,601.55",,,,-2,51.70833333
2021-01-17,"3,817.42",,,,-5.7,63.5
2021-01-18,"10,183.64",,,,-4.9,65.16666667
2021-01-19,"11,925.81",,,,-8.5,64.41666667
2021-01-20,"11,691.03",,,,-5.8,68.08333333
2021-01-21,"12,057.28",,,,-0.5,80.875
2021-01-22,"12,261.04",,,,5.3,91.66666667
2021-01-23,"4,941.07",,,,5,83.625
2021-01-24,"2,349.24",,,,3.6,80.16666667
2021-01-25,"10,475.39",,,,2.7,79.95833333
2021-01-26,"12,736.99",,,,4.2,79.125
2021-01-27,"13,092.37",,,,2.8,60.5
2021-01-28,"12,350.20",,,,-3,46.66666667
2021-01-29,"11,331.57",,,,-7.6,37.875
2021-01-30,"4,686.61",,,,-2.3,54.25
2021-01-31,"2,613.57",,,,0,65.91666667
2021-02-01,"9,623.69",,,,3.3,67.5
2021-02-02,"11,767.99",,,,-3.7,43.5
2021-02-03,"11,393.42",,,,-3.9,50.20833333
2021-02-04,"12,557.79",,,,-1.6,41.91666667
2021-02-05,"12,108.18",,,,0.3,48.79166667
2021-02-06,"5,700.89",,,,3.5,68.33333333
2021-02-07,"4,247.38",,,,5.6,47.04166667
2021-02-08,"10,089.09",,,,-2,38.04166667
2021-02-09,"12,600.98",,,,-0.6,46
2021-02-10,"11,669.98",,,,1.9,69.375
2021-02-11,"4,534.37",,,,2.5,67.5
2021-02-12,"3,409.58",,,,4.9,51.54166667
2021-02-13,"3,444.14",,,,4.1,50.875
2021-02-14,"4,235.44",,,,6.6,69.16666667
2021-02-15,"10,181.14",,,,2.5,53.16666667
2021-02-16,"12,118.32",,,,-4.5,52.91666667
2021-02-17,"12,077.55",,,,-8.1,45.41666667
2021-02-18,"12,138.99",,,,-6.6,49.33333333
2021-02-19,"11,992.49",,,,0.8,60
2021-02-20,"5,354.96",,,,6.6,58.58333333
2021-02-21,"3,589.41",,,,11,38
2021-02-22,"10,815.80",,,,10,40.875
2021-02-23,"12,200.29",,,,2.5,34.29166667
2021-02-24,"12,599.34",,,,2.3,63.08333333
2021-02-25,"12,382.90",,,,2.9,70.16666667
2021-02-26,"12,860.86",,,,4.6,60.625
2021-02-27,"5,482.73",,,,3.5,70.25
2021-02-28,"3,481.95",,,,4.8,70.91666667
2021-03-01,"3,389.94",17505.35,3019.52,20524.87,6,97.04166667
2021-03-02,"10,307.91",,,0,1.4,83.08333333
2021-03-03,"12,581.29",23109.6,5037.93,28147.53,1.4,81.33333333
2021-03-04,"12,880.81",23822.8,5543.6,29366.4,3.8,86.08333333
2021-03-05,"12,995.39",22896.3,5857.2,28753.5,7.4,73.58333333
2021-03-06,"5,164.72",0,,0,4.2,68
2021-03-07,"3,543.48",,,0,4.2,78.33333333
2021-03-08,"10,477.52",25824.95,3765.92,29590.87,5,68.625
2021-03-09,"12,185.21",21542.8,5543,27085.8,7.4,54.91666667
2021-03-10,"12,357.24",24151.55,4706.11,28857.66,6.4,67.125
2021-03-11,"12,978.81",22021.45,4913.36,26934.81,7.6,60.41666667
2021-03-12,"12,914.71",21798.7,5807.92,27606.62,7.5,86.58333333
2021-03-13,"5,035.42",0,,0,8,67.95833333
2021-03-14,"3,420.61",0,,0,8,73.66666667
2021-03-15,"10,922.67",24980.8,3317.92,28298.72,9.8,55.95833333
2021-03-16,"12,957.74",21011.4,4255.96,25267.36,11.4,47.45833333
2021-03-17,"12,651.99",21794.95,4507.97,26302.92,8.1,67.125
2021-03-18,"12,412.90",22543.65,3661.76,26205.41,9,65.58333333
2021-03-19,"12,712.50",23486.75,4837.28,28324.03,9.9,67.29166667
2021-03-20,"4,789.38",0,,0,7.6,89.33333333
2021-03-21,"3,071.44",0,,0,6.1,57.16666667
2021-03-22,"9,701.49",24476.8,4296.72,28773.52,6,45.54166667
2021-03-23,"11,890.67",21600.1,5760.68,27360.78,9.3,37.54166667
2021-03-24,"12,021.43",22916.05,5095.6,28011.65,11,40.75
2021-03-25,"12,363.44",23153.55,6031.42,29184.97,13.1,42.625
2021-03-26,"12,801.14",21258,6407.51,27665.51,12.2,50
2021-03-27,"5,206.56",0,,0,10,84.41666667
2021-03-28,"3,457.50",0,,0,11,77.79166667
2021-03-29,"10,963.21",18108.6,4093.44,22202.04,11.8,35.625
2021-03-30,"12,958.97",23438.75,3809.2,27247.95,11.9,43.04166667
2021-03-31,"12,286.45",22828.35,3546.48,26374.83,11.6,52.875
2021-04-01,"12,123.27",23223.3,2606.4,25829.7,11.3,47.79166667
2021-04-02,"12,115.06",21664.2,4428.4,26092.6,13.9,60.33333333
2021-04-03,"5,122.38",0,,0,13.1,94.75
2021-04-04,"3,794.12",0,,0,8.9,78.375
2021-04-05,"10,349.69",20099.8,2655.64,22755.44,8,58.5
2021-04-06,"12,478.82",24257.85,3553.38,27811.23,11.9,44.5
2021-04-07,"12,707.37",22041.3,3640.72,25682.02,13.9,35.08333333
2021-04-08,"12,556.72",21775.6,3403.92,25179.52,13.1,50.75
2021-04-09,"12,190.40",20488.3,4882.32,25370.62,7.7,66.375
2021-04-10,"5,275.78",0,,0,8.6,65.66666667
2021-04-11,"3,659.23",0,,0,11.6,53.5
2021-04-12,"10,806.26",21455.95,3928.66,25384.61,10.1,88.125
2021-04-13,"13,024.67",20566.3,4659.76,25226.06,11.4,60.75
2021-04-14,"12,682.32",24692.4,5621.64,30314.04,9.3,46.95833333
2021-04-15,"11,962.69",20557.45,5327.36,25884.81,9,55
2021-04-16,"12,192.57",20010.5,5789.84,25800.34,10.2,67
2021-04-17,"5,269.96",0,,0,9.4,51.04166667
2021-04-18,"3,634.21",0,,0,10.4,47.04166667
2021-04-19,"10,640.98",21111.1,4905.3,26016.4,14.2,37.04166667
2021-04-20,"13,171.59",20069.05,4982.16,25051.21,17.3,50
2021-04-21,"13,604.98",20543.95,4906.64,25450.59,17.5,49.75
2021-04-22,"13,971.08",20822.65,5177.6,26000.25,18.3,39.16666667
2021-04-23,"13,066.69",20854.4,4194.16,25048.56,14.6,54.375
2021-04-24,"5,674.91",0,,0,15.1,52.45833333
2021-04-25,"3,505.90",0,,0,13.4,55.54166667
2021-04-26,"10,699.09",20017.55,3100.72,23118.27,11.3,55.375
2021-04-27,"5,316.95",20183.35,3205,23388.35,14.1,55.54166667
2021-04-28,"5,300.54",20355.25,3231.6,23586.85,15.2,48.75
2021-04-29,"5,346.33",19361.55,3780.87,23142.42,14.6,60.875
2021-04-30,"5,078.71",0,,0,11.2,80.125
2021-05-01,"3,254.47",0,,0,9.2,78.08333333
2021-05-02,"2,952.42",0,,0,12,65.58333333
2021-05-03,"4,811.74",20507.4,3660,24167.4,13.5,52.20833333
2021-05-04,"5,409.67",19479.2,4621.32,24100.52,13.5,78.5
2021-05-05,"5,032.90",9109.7,4239.28,13348.98,15.3,41.91666667
2021-05-06,"11,736.29",19833.2,4227.35,24060.55,13.5,60.83333333
2021-05-07,"12,906.55",21422,4152.6,25574.6,13.3,58.95833333
2021-05-08,"5,486.75",0,,0,14.8,48.79166667
2021-05-09,"3,945.38",0,,0,15.7,45.875
2021-05-10,"10,397.97",20076.65,3367.4,23444.05,9.8,96.08333333
2021-05-11,"5,403.19",18607.85,5912.16,24520.01,13.8,61.83333333
2021-05-12,"5,857.87",19426.6,5558.12,24984.72,15.8,63.16666667
2021-05-13,"6,055.64",20052.4,5592.07,25644.47,18.4,68.25
2021-05-14,"6,252.71",20931.6,6163.04,27094.64,20.4,70
2021-05-15,"4,218.66",0,,0,18.6,97.95833333
2021-05-16,"4,810.15",0,,0,18.9,100
2021-05-17,"11,711.17",20730.15,3910,24640.15,15,94.91666667
2021-05-18,"14,290.92",22561.95,5762.14,28324.09,16.9,86.79166667
2021-05-19,"6,326.51",0,,0,19,59.41666667
2021-05-20,"5,773.96",23307.35,4785.32,28092.67,16.2,83.66666667
2021-05-21,"6,088.31",18922.3,5312.72,24235.02,15,86.45833333
2021-05-22,"3,923.30",0,,0,18.6,74.08333333
2021-05-23,"3,620.63",0,,0,19.7,61.58333333
2021-05-24,"5,881.15",22043.35,4105.71,26149.06,19.5,57.66666667
2021-05-25,"6,375.49",21590.45,4969.12,26559.57,13,70.33333333
2021-05-26,"6,179.49",19678.25,4860.56,24538.81,13.6,73.66666667
2021-05-27,"6,319.73",20139.5,6511.76,26651.26,14.6,85.08333333
2021-05-28,"6,161.92",21875.5,7831.28,29706.78,12.5,82.625
2021-05-29,"4,097.19",0,,0,16.1,73.29166667
2021-05-30,"3,503.96",0,,0,17.3,70.66666667
2021-05-31,"5,612.49",20494.05,4218.76,24712.81,17.9,74.20833333
2021-06-01,0,20074.6,3608.72,23683.32,19.8,73.08333333
2021-06-02,0,23208.95,3314.32,26523.27,21.5,69.66666667
2021-06-03,0,20181.85,3374.88,23556.73,17,85.58333333
2021-06-04,726.76,20312.55,5420,25732.55,17.7,70.54166667
2021-06-05,"5,334.12",0,,0,18.7,66.83333333
2021-06-06,"1,870.60",0,,0,20.9,77.75
2021-06-07,"13,648.68",18014.3,3975.16,21989.46,20.3,68.125
2021-06-08,"16,999.48",20253,5991.76,26244.76,22.6,69.45833333
2021-06-09,"11,632.00",19988.55,3795.28,23783.83,23,75.29166667
2021-06-10,"8,241.66",20153.3,3788.16,23941.46,22.8,74.58333333
2021-06-11,"8,470.51",20890.5,5344.64,26235.14,20.9,88.58333333
2021-06-12,"3,127.07",0,,0,22.8,78.79166667
2021-06-13,"1,511.60",0,,0,23.8,75.08333333
2021-06-14,"6,876.07",19934.4,3898.32,23832.72,22.7,74.54166667
2021-06-15,"8,355.42",19052.3,6173.08,25225.38,20.2,88.625
2021-06-16,"1,089.25",20420.6,5283.12,25703.72,20.8,78.29166667
2021-06-17,"6,197.08",21465.1,6165.04,27630.14,18.4,87.20833333
2021-06-18,"8,226.72",19344.1,3474.32,22818.42,20,82.83333333
2021-06-19,"2,150.46",0,,0,22.6,67.20833333
2021-06-20,0,0,,0,21.8,62.08333333
2021-06-21,0,18076.85,2730.16,20807.01,22.9,73.625
2021-06-22,0,23935.75,3003.84,26939.59,18.7,89.16666667
2021-06-23,0,20755,3952.3,24707.3,18.5,83.33333333
2021-06-24,0,20639,3270.4,23909.4,21.1,81.5
2021-06-25,0,17829.75,,17829.75,22.1,82.04166667
2021-06-26,0,0,,0,21,85.54166667
2021-06-27,0,0,,0,20.8,84.875
2021-06-28,0,16524.3,1928.8,18453.1,20.5,89.25
2021-06-29,0,19802.7,4099.44,23902.14,22.4,77
2021-06-30,,18594,3952.96,22546.96,21.8,87.91666667
2021-07-01,"15,625.71",19585.95,2788.24,22374.19,24.4,77.04166667
2021-07-02,"14,700.40",13096,,13096,22.6,75.125
2021-07-03,"7,222.10",0,,0,20.5,94.54166667
2021-07-04,"6,122.62",0,,0,22.9,78.375
2021-07-05,"12,921.57",12228.08,2668.4,14896.48,22.9,87.5
2021-07-06,"13,503.00",13939.5,4604.32,18543.82,23.2,93.25
2021-07-07,"14,816.03",14986.6,4776.96,19763.56,23.2,94.29166667
2021-07-08,"15,015.78",13354.15,5045.28,18399.43,23.9,88.375
2021-07-09,"14,836.01",17156.6,3411.68,20568.28,22.8,91.08333333
2021-07-10,"7,499.24",0,,0,22.7,91.29166667
2021-07-11,"6,341.56",0,,0,22.8,95.04166667
2021-07-12,"13,547.51",16048.6,2785.2,18833.8,25.1,81.5
2021-07-13,"14,864.69",15161.7,2998.16,18159.86,26.5,81.83333333
2021-07-14,"15,883.78",21385.5,4204.64,25590.14,26.8,84.79166667
2021-07-15,"16,132.40",17991.79,5535.16,23526.95,25,89.29166667
2021-07-16,"15,500.92",18167.8,5119.24,23287.04,25.3,82.29166667
2021-07-17,"8,670.55",0,,0,25.2,79.45833333
2021-07-18,"6,259.11",0,,0,25.3,83.20833333
2021-07-19,"13,527.99",16744.1,4036.16,20780.26,25.4,81.91666667
2021-07-20,"15,898.74",18650.2,3899.28,22549.48,26.2,79.875
2021-07-21,"16,192.51",18907.35,3989.68,22897.03,26.2,73.70833333
2021-07-22,"16,424.63",18386.05,2990.64,21376.69,25.9,77.41666667
2021-07-23,"15,912.80",15743.4,3415.6,19159,26.6,73.33333333
2021-07-24,"7,650.88",0,,0,26.2,76.20833333
2021-07-25,"6,236.18",0,,0,26.8,75.625
2021-07-26,"13,677.25",18386.25,2193.52,20579.77,26.1,74.91666667
2021-07-27,"16,038.59",17529.93,3928.56,21458.49,26.2,77.08333333
2021-07-28,"16,340.21",19224.1,4168.88,23392.98,27,72.45833333
2021-07-29,"16,622.48",19466.6,4198.64,23665.24,26.6,77.58333333
2021-07-30,"16,418.70",0,,0,26.7,80.95833333
2021-07-31,"8,942.10",0,,0,26.8,79.58333333
2021-08-01,"6,092.81",0,,0,25.8,90.5
2021-08-02,"13,881.39",16043.4,3973.2,20016.6,25.5,89.33333333
2021-08-03,"16,272.04",21931.8,6115.52,28047.32,26.1,86.08333333
2021-08-04,,16526.25,3194.72,19720.97,27.2,82.625
2021-08-05,,15631.45,2832.56,18464.01,27.4,80.54166667
2021-08-06,,19201.3,3404.16,22605.46,27.4,77.79166667
2021-08-07,,0,,0,27,79.875
2021-08-08,,0,,0,23.8,85.79166667
2021-08-09,,16647.12,3163.52,19810.64,25.1,74.58333333
2021-08-10,,20015.55,5415.6,25431.15,22.2,85.08333333
2021-08-11,,17411.3,4339.2,21750.5,24.6,80
2021-08-12,,18606.19,4345.68,22951.87,24.6,82.75
2021-08-13,,19015.9,5121.84,24137.74,23.5,82.625
2021-08-14,,0,,0,22.1,84.75
2021-08-15,,0,,0,22.2,80.54166667
2021-08-16,,0,,0,22.5,77.04166667
2021-08-17,,15943.2,3958.08,19901.28,22,80.91666667
2021-08-18,,21317.7,5819.84,27137.54,22.5,74.95833333
2021-08-19,,21763.75,4695.36,26459.11,22.2,81.25
2021-08-20,,19389.5,6341.68,25731.18,23.3,79.375
2021-08-21,,22365,934.56,23299.56,22,97.04166667
2021-08-22,,0,,0,22.4,89.33333333
2021-08-23,,20085.75,4436.32,24522.07,20,96.5
2021-08-24,,21485.95,5484.8,26970.75,22,98
2021-08-25,,19786.9,4673.04,24459.94,21,99.95833333
2021-08-26,,23105.2,3119.6,26224.8,22.2,92.91666667
2021-08-27,,22705.5,2774.64,25480.14,20.5,98.79166667
2021-08-28,,21384.6,3283.44,24668.04,21.2,83.04166667
2021-08-29,,0,,0,20.7,93.625
2021-08-30,,18364.09,4566.08,22930.17,20.1,85.95833333
2021-08-31,,20703.45,3157.84,23861.29,20.3,93.45833333
2021-09-01,,18545.1,4404.32,22949.42,,
2021-09-02,,24191.85,3909.68,28101.53,,
2021-09-03,,19903.6,5158.8,25062.4,,
2021-09-04,,23139.9,900.24,24040.14,,
2021-09-05,,0,,0,,
2021-09-06,,22208.06,3273.76,25481.82,,
2021-09-07,,23630.95,5069.84,28700.79,,
2021-09-08,,21687.35,3770.07,25457.42,,
2021-09-09,,19964.8,3546.24,23511.04,,
2021-09-10,,21617.05,4494.24,26111.29,,
2021-09-11,,20084.3,1606.4,21690.7,,
2021-09-12,,0,,0,,
2021-09-13,,21349.52,3809.28,25158.8,,
2021-09-14,,23238.75,3882.24,27120.99,,
2021-09-15,,22729.6,4805.92,27535.52,,
2021-09-16,,21592.55,3145.52,24738.07,,
2021-09-17,,23891.3,4120.4,28011.7,,
2021-09-18,,0,,0,,
2021-09-19,,0,,0,,
2021-09-20,,0,,0,,
2021-09-21,,0,,0,,
2021-09-22,,0,,0,,
2021-09-23,,18159.2,2834.8,20994,,
2021-09-24,,24240.7,5708.88,29949.58,,
2021-09-25,,0,,0,,
2021-09-26,,0,,0,,
2021-09-27,,12580.65,2485.84,15066.49,,
2021-09-28,,22395.3,5501.68,27896.98,,
2021-09-29,,22480.65,4410.8,26891.45,,
2021-09-30,,19289.85,4590,23879.85,,
2021-10-01,,20582.6,6212.4,26795,,
2021-10-02,,179,,179,,
2021-10-03,,0,,0,,
2021-10-04,,0,,0,,
2021-10-05,,19294.2,3633.36,22927.56,,
2021-10-06,,20043.45,4344.24,24387.69,,
2021-10-07,,22552.8,4871.44,27424.24,,
2021-10-08,,21864.45,6346.4,28210.85,,
2021-10-09,,0,,0,,
2021-10-10,,0,,0,,
2021-10-11,,0,,0,,
2021-10-12,,21636.15,3961.52,25597.67,,
2021-10-13,,23075.4,5052,28127.4,,
2021-10-14,,21962.85,5123.68,27086.53,,
2021-10-15,,20624.15,5422.24,26046.39,,
2021-10-16,,0,,0,,
2021-10-17,,0,,0,,
2021-10-18,,18418.15,3726.56,22144.71,,
2021-10-19,,23579.9,3998.16,27578.06,,
2021-10-20,,21515,5000,26515,,
2021-10-21,,21977.7,3755.84,25733.54,,
2021-10-22,,23928.6,6204,30132.6,,
2021-10-23,,0,,0,,
2021-10-24,,0,,0,,
2021-10-25,,19990.55,4198.08,24188.63,,
2021-10-26,,21895.2,5728.08,27623.28,,
2021-10-27,,21236.05,5367.92,26603.97,,
2021-10-28,,20428.95,4934.28,25363.23,,
2021-10-29,,20770.6,5589.2,26359.8,,
2021-10-30,,0,,0,,
2021-10-31,,0,,0,,
2021-11-01,,24801.2,3207.4,28008.6,,
2021-11-02,,19623.25,4480,24103.25,,
2021-11-03,,21226.85,4358.8,25585.65,,
2021-11-04,,20379.45,5284.4,25663.85,,
2021-11-05,,21481.25,3821.52,25302.77,,
2021-11-06,,0,,0,,
2021-11-07,,0,,0,,
2021-11-08,,20252.2,2215.76,22467.96,,
2021-11-09,,21863.8,4890.32,26754.12,,
2021-11-10,,21207.35,4875.76,26083.11,,
2021-11-11,,20877.95,4538,25415.95,,
2021-11-12,,21999.6,3331.92,25331.52,,
2021-11-13,,0,,0,,
2021-11-14,,0,,0,,
2021-11-15,,21458.45,4222.4,25680.85,,
2021-11-16,,22162.45,3520.16,25682.61,,
2021-11-17,,16550.8,3712.16,20262.96,,
2021-11-18,,17402.3,3304.96,20707.26,,
2021-11-19,,17157.4,4260,21417.4,,
2021-11-20,,0,,0,,
2021-11-21,,0,,0,,
2021-11-22,,14532,3626.32,18158.32,,
2021-11-23,,15003.1,3266.56,18269.66,,
2021-11-24,,16560.7,4407.84,20968.54,,
2021-11-25,,19288.2,1541.76,20829.96,,
2021-11-26,,17621.1,4666.4,22287.5,,
2021-11-27,,0,,0,,
2021-11-28,,0,,0,,
2021-11-29,,15694.3,2239.2,17933.5,,
2021-11-30,,16268.45,3877.76,20146.21,,
2021-12-01,,13314.3,2995.44,16309.74,,
2021-12-02,,16387,4808.32,21195.32,,
2021-12-03,,15496.7,3530.68,19027.38,,
2021-12-04,,0,,0,,
2021-12-05,,0,,0,,
2021-12-06,,14166.75,2805.4,16972.15,,
2021-12-07,,15799.6,4410.56,20210.16,,
2021-12-08,,19007.6,3456.84,22464.44,,
2021-12-09,,18011.4,3274.44,21285.84,,
2021-12-10,,20736.55,4830.56,25567.11,,
2021-12-11,,0,,0,,
2021-12-12,,0,,0,,
2021-12-13,,14950.2,2992.8,17943,,
2021-12-14,,17732.85,3715.04,21447.89,,
2021-12-15,,16981.5,3352.48,20333.98,,
2021-12-16,,23697.9,4755.44,28453.34,,
2021-12-17,,19426.75,8082.4,27509.15,,
2021-12-18,,0,,0,,
2021-12-19,,0,,0,,
2021-12-20,,16935.1,2888,19823.1,,
2021-12-21,,23481.5,4804.56,28286.06,,
2021-12-22,,22221.3,5674.8,27896.1,,
2021-12-23,,20739.3,3645.2,24384.5,,
2021-12-24,,17457.6,4423.12,21880.72,,
2021-12-25,,0,,0,,
2021-12-26,,0,,0,,
2021-12-27,,15366.25,3341.76,18708.01,,
2021-12-28,,20543.45,5132.24,25675.69,,
2021-12-29,,21540.3,3423.12,24963.42,,
2021-12-30,,20943.05,5122.32,26065.37,,
2021-12-31,,20495.1,4081.12,24576.22,,
2022-01-01,,0,,0,,
2022-01-02,,0,,0,,
2022-01-03,,19450.05,4410,23860.05,,
2022-01-04,,21630.1,3644,25274.1,,
2022-01-05,,18988.25,4453.84,23442.09,,
2022-01-06,,19567.2,3844.88,23412.08,,
2022-01-07,,20233.35,4168.72,24402.07,,
2022-01-08,,0,,0,,
2022-01-09,,0,,0,,
2022-01-10,,20684.5,3308.24,23992.74,,
2022-01-11,,21294.65,3889.92,25184.57,,
2022-01-12,,21414.55,3663.12,25077.67,,
2022-01-13,,21785.4,3258.32,25043.72,,
2022-01-14,,22437.4,4156.24,26593.64,,
2022-01-15,,0,,0,,
2022-01-16,,0,,0,,
2022-01-17,,19841.75,3793.68,23635.43,,
2022-01-18,,21646.4,4159.76,25806.16,,
2022-01-19,,20746.6,5412,26158.6,,
2022-01-20,,23077.9,5530.56,28608.46,,
2022-01-21,,23646.5,4741.76,28388.26,,
2022-01-22,,0,,0,,
2022-01-23,,0,,0,,
2022-01-24,,22675.1,2580,25255.1,,
2022-01-25,,23691.05,3321.92,27012.97,,
2022-01-26,,23721.8,4980.24,28702.04,,
2022-01-27,,23813.4,5467.12,29280.52,,
2022-01-28,,22093.1,3115.36,25208.46,,
2022-01-29,,0,,0,,
2022-01-30,,0,,0,,
2022-01-31,,0,,0,,
2022-02-01,,0,0,0,,
2022-02-02,,0,0,0,,
2022-02-03,,18681.6,3002,21683.6,,
2022-02-04,,24473.75,5720.2,30193.95,,
2022-02-05,,0,0,0,,
2022-02-06,,0,0,0,,
2022-02-07,,19658.35,3397.87,23056.22,,
2022-02-08,,20166.95,5255.2,25422.15,,
2022-02-09,,19509,4743.28,24252.28,,
2022-02-10,,18674.35,6255.08,24929.43,,
2022-02-11,,22056.75,9230,31286.75,,
2022-02-12,,0,0,0,,
2022-02-13,,0,0,0,,
2022-02-14,,19565.25,4672.4,24237.65,,
2022-02-15,,21574,6433.6,28007.6,,
2022-02-16,,22034.05,5651.44,27685.49,,
2022-02-17,,19852.3,6951.36,26803.66,,
2022-02-18,,20071.3,6594.76,26666.06,,
2022-02-19,,0,0,0,,
2022-02-20,,0,0,0,,
2022-02-21,,19991.95,4279.36,24271.31,,
2022-02-22,,20808.9,5734,26542.9,,
2022-02-23,,20534.95,5119.44,25654.39,,
2022-02-24,,20388.95,6913.2,27302.15,,
2022-02-25,,20003.55,9312.76,29316.31,,
2022-02-26,,0,0,0,,
2022-02-27,,0,0,0,,
2022-02-28,,17683.7,3703.4,21387.1,,
